{
  "custom": {},
  "params": {},
  "props": {
    "defaultSize": {
      "width": 1200
    }
  },
  "root": {
    "children": [
      {
        "meta": {
          "name": "Prensa1"
        },
        "position": {
          "height": 250,
          "width": 400,
          "x": 50,
          "y": 40
        },
        "propConfig": {
          "props.series[0].data": {
            "binding": {
              "config": {
                "aggregate": "MinMax",
                "avoidScanClassValidation": true,
                "dateRange": {
                  "mostRecent": "30",
                  "mostRecentUnits": "MIN"
                },
                "enableValueCache": true,
                "ignoreBadQuality": false,
                "polling": {
                  "enabled": true,
                  "rate": "1"
                },
                "preventInterpolation": false,
                "returnFormat": "Wide",
                "returnSize": {
                  "delay": "1",
                  "delayUnits": "SEC",
                  "type": "INTERVAL"
                },
                "tags": [
                  {
                    "path": "[sqlite/ignition-sandboxhost-638546263198857387:mqtt engine]edge nodes/my mqtt group/local_gio_tags/press_tags/startpress"
                  }
                ],
                "valueFormat": "DATASET"
              },
              "type": "tag-history"
            }
          }
        },
        "props": {
          "series": [
            {
              "name": "Boiler"
            }
          ],
          "timeRange": {
            "visible": false
          },
          "title": {
            "font": {
              "color": "#000000",
              "size": 17
            },
            "style": {
              "borderColor": "#000000",
              "borderStyle": "solid",
              "fontFamily": "inherit",
              "fontSize": 17,
              "textAlign": "center"
            },
            "text": "Tiempo de funcionamiento de la prensa",
            "visible": true
          }
        },
        "type": "ia.chart.timeseries"
      },
      {
        "meta": {
          "name": "Prensa2"
        },
        "position": {
          "height": 250,
          "width": 400,
          "x": 650,
          "y": 40
        },
        "propConfig": {
          "props.series[0].data": {
            "binding": {
              "config": {
                "aggregate": "MinMax",
                "avoidScanClassValidation": true,
                "dateRange": {
                  "mostRecent": "30",
                  "mostRecentUnits": "MIN"
                },
                "enableValueCache": true,
                "ignoreBadQuality": false,
                "polling": {
                  "enabled": true,
                  "rate": "1"
                },
                "preventInterpolation": false,
                "returnFormat": "Wide",
                "returnSize": {
                  "delay": "1",
                  "delayUnits": "SEC",
                  "type": "INTERVAL"
                },
                "tags": [
                  {
                    "path": "[sqlite/ignition-sandboxhost-638546263198857387:mqtt engine]edge nodes/my mqtt group/local_gio_tags/press_tags/press_nbaldosas"
                  }
                ],
                "valueFormat": "DATASET"
              },
              "type": "tag-history"
            }
          }
        },
        "props": {
          "series": [
            {
              "name": "Boiler"
            }
          ],
          "timeRange": {
            "visible": false
          },
          "title": {
            "font": {
              "color": "#000000",
              "size": 17
            },
            "style": {
              "borderColor": "#000000",
              "borderStyle": "solid",
              "fontFamily": "inherit",
              "fontSize": 17,
              "textAlign": "center"
            },
            "text": "Cantidad de baldosas prensadas",
            "visible": true
          }
        },
        "type": "ia.chart.timeseries"
      },
      {
        "meta": {
          "name": "Volteadora1"
        },
        "position": {
          "height": 250,
          "width": 400,
          "x": 50,
          "y": 300
        },
        "propConfig": {
          "props.series[0].data": {
            "binding": {
              "config": {
                "aggregate": "MinMax",
                "avoidScanClassValidation": true,
                "dateRange": {
                  "mostRecent": "30",
                  "mostRecentUnits": "MIN"
                },
                "enableValueCache": true,
                "ignoreBadQuality": false,
                "polling": {
                  "enabled": true,
                  "rate": "1"
                },
                "preventInterpolation": false,
                "returnFormat": "Wide",
                "returnSize": {
                  "delay": "1",
                  "delayUnits": "SEC",
                  "type": "INTERVAL"
                },
                "tags": [
                  {
                    "path": "[sqlite/ignition-sandboxhost-638546263198857387:mqtt engine]edge nodes/my mqtt group/localvolteadoratags/volteadora/start"
                  }
                ],
                "valueFormat": "DATASET"
              },
              "type": "tag-history"
            }
          }
        },
        "props": {
          "series": [
            {
              "name": "Boiler"
            }
          ],
          "timeRange": {
            "visible": false
          },
          "title": {
            "font": {
              "color": "#000000",
              "size": 17
            },
            "style": {
              "borderColor": "#000000",
              "borderStyle": "solid",
              "fontFamily": "inherit",
              "fontSize": 17,
              "textAlign": "center"
            },
            "text": "Tiempo funcionamiento volteadora",
            "visible": true
          }
        },
        "type": "ia.chart.timeseries"
      },
      {
        "meta": {
          "name": "Volteadora2"
        },
        "position": {
          "height": 250,
          "width": 400,
          "x": 650,
          "y": 300
        },
        "propConfig": {
          "props.series[0].data": {
            "binding": {
              "config": {
                "aggregate": "MinMax",
                "avoidScanClassValidation": true,
                "dateRange": {
                  "mostRecent": "30",
                  "mostRecentUnits": "MIN"
                },
                "enableValueCache": true,
                "ignoreBadQuality": false,
                "polling": {
                  "enabled": true,
                  "rate": "1"
                },
                "preventInterpolation": false,
                "returnFormat": "Wide",
                "returnSize": {
                  "delay": "1",
                  "delayUnits": "SEC",
                  "type": "INTERVAL"
                },
                "tags": [
                  {
                    "path": "[sqlite/ignition-sandboxhost-638546263198857387:mqtt engine]edge nodes/my mqtt group/localvolteadoratags/volteadora/tipper_nbaldozas"
                  }
                ],
                "valueFormat": "DATASET"
              },
              "type": "tag-history"
            }
          }
        },
        "props": {
          "series": [
            {
              "name": "Boiler"
            }
          ],
          "timeRange": {
            "visible": false
          },
          "title": {
            "font": {
              "color": "#000000",
              "size": 17
            },
            "style": {
              "borderColor": "#000000",
              "borderStyle": "solid",
              "fontFamily": "inherit",
              "fontSize": 17,
              "textAlign": "center"
            },
            "text": "Cantidad de baldosas volteadas",
            "visible": true
          }
        },
        "type": "ia.chart.timeseries"
      },
      {
        "meta": {
          "name": "Celda1"
        },
        "position": {
          "height": 250,
          "width": 400,
          "x": 50,
          "y": 560
        },
        "propConfig": {
          "props.series[0].data": {
            "binding": {
              "config": {
                "aggregate": "MinMax",
                "avoidScanClassValidation": true,
                "dateRange": {
                  "mostRecent": "30",
                  "mostRecentUnits": "MIN"
                },
                "enableValueCache": true,
                "ignoreBadQuality": false,
                "polling": {
                  "enabled": true,
                  "rate": "1"
                },
                "preventInterpolation": false,
                "returnFormat": "Wide",
                "returnSize": {
                  "delay": "1",
                  "delayUnits": "SEC",
                  "type": "INTERVAL"
                },
                "tags": [
                  {
                    "path": "[sqlite/ignition-sandboxhost-638546263198857387:mqtt engine]edge nodes/my mqtt group/robotstudio_tags/robot_tags/ready"
                  }
                ],
                "valueFormat": "DATASET"
              },
              "type": "tag-history"
            }
          }
        },
        "props": {
          "series": [
            {
              "name": "Boiler"
            }
          ],
          "timeRange": {
            "visible": false
          },
          "title": {
            "font": {
              "color": "#000000",
              "size": 17
            },
            "style": {
              "borderColor": "#000000",
              "borderStyle": "solid",
              "fontFamily": "inherit",
              "fontSize": 17,
              "textAlign": "center"
            },
            "text": "Tiempo de funcionamiento de la celda",
            "visible": true
          }
        },
        "type": "ia.chart.timeseries"
      },
      {
        "meta": {
          "name": "Celda2"
        },
        "position": {
          "height": 250,
          "width": 400,
          "x": 650,
          "y": 560
        },
        "propConfig": {
          "props.series[0].data": {
            "binding": {
              "config": {
                "aggregate": "MinMax",
                "avoidScanClassValidation": true,
                "dateRange": {
                  "mostRecent": "30",
                  "mostRecentUnits": "MIN"
                },
                "enableValueCache": true,
                "ignoreBadQuality": false,
                "polling": {
                  "enabled": true,
                  "rate": "1"
                },
                "preventInterpolation": false,
                "returnFormat": "Wide",
                "returnSize": {
                  "delay": "1",
                  "delayUnits": "SEC",
                  "type": "INTERVAL"
                },
                "tags": [
                  {
                    "path": "[sqlite/ignition-sandboxhost-638546263198857387:mqtt engine]edge nodes/my mqtt group/robotstudio_tags/robot_tags/emergencia"
                  }
                ],
                "valueFormat": "DATASET"
              },
              "type": "tag-history"
            }
          }
        },
        "props": {
          "series": [
            {
              "name": "Boiler"
            }
          ],
          "timeRange": {
            "visible": false
          },
          "title": {
            "font": {
              "color": "#000000",
              "size": 17
            },
            "style": {
              "borderColor": "#000000",
              "borderStyle": "solid",
              "fontFamily": "inherit",
              "fontSize": 17,
              "textAlign": "center"
            },
            "text": "Tiempo de paradas de emergencia",
            "visible": true
          }
        },
        "type": "ia.chart.timeseries"
      }
    ],
    "meta": {
      "name": "root"
    },
    "props": {
      "style": {
        "backgroundColor": "#CFC9C9"
      }
    },
    "type": "ia.container.coord"
  }
}