{
  "custom": {},
  "params": {},
  "props": {
    "defaultSize": {
      "width": 100
    }
  },
  "root": {
    "children": [
      {
        "events": {
          "dom": {
            "onClick": {
              "config": {
                "params": {},
                "view": "Main"
              },
              "scope": "C",
              "type": "nav"
            }
          }
        },
        "meta": {
          "name": "Principal"
        },
        "position": {
          "height": 50,
          "width": 100
        },
        "props": {
          "style": {
            "backgroundColor": "#000000"
          },
          "text": "Principal"
        },
        "type": "ia.input.button"
      },
      {
        "events": {
          "dom": {
            "onClick": {
              "config": {
                "params": {},
                "view": "Alarmas"
              },
              "scope": "C",
              "type": "nav"
            }
          }
        },
        "meta": {
          "name": "Alarmas"
        },
        "position": {
          "height": 50,
          "width": 100,
          "y": 345
        },
        "props": {
          "style": {
            "backgroundColor": "#000000"
          },
          "text": "Alarmas"
        },
        "type": "ia.input.button"
      },
      {
        "events": {
          "dom": {
            "onClick": {
              "config": {
                "params": {},
                "view": "Historicos"
              },
              "scope": "C",
              "type": "nav"
            }
          }
        },
        "meta": {
          "name": "Históricos"
        },
        "position": {
          "height": 50,
          "rotate": {
            "anchor": "50% 88%"
          },
          "width": 100,
          "y": 395
        },
        "props": {
          "style": {
            "backgroundColor": "#000000"
          },
          "text": "Históricos"
        },
        "type": "ia.input.button"
      },
      {
        "events": {
          "dom": {
            "onClick": {
              "config": {
                "params": {},
                "view": "Prensa"
              },
              "scope": "C",
              "type": "nav"
            }
          }
        },
        "meta": {
          "name": "Prensado"
        },
        "position": {
          "height": 50,
          "width": 100,
          "y": 50
        },
        "props": {
          "style": {
            "backgroundColor": "#000000"
          },
          "text": "Prensado"
        },
        "type": "ia.input.button"
      },
      {
        "events": {
          "dom": {
            "onClick": {
              "config": {
                "params": {},
                "view": "Volteadora"
              },
              "scope": "C",
              "type": "nav"
            }
          }
        },
        "meta": {
          "name": "Volteadora"
        },
        "position": {
          "height": 50,
          "width": 100,
          "y": 100
        },
        "props": {
          "style": {
            "backgroundColor": "#000000"
          },
          "text": "Volteadora"
        },
        "type": "ia.input.button"
      },
      {
        "events": {
          "dom": {
            "onClick": {
              "config": {
                "params": {},
                "view": "Celda Robotizada"
              },
              "scope": "C",
              "type": "nav"
            }
          }
        },
        "meta": {
          "name": "Celda"
        },
        "position": {
          "height": 50,
          "width": 100,
          "y": 250
        },
        "props": {
          "style": {
            "backgroundColor": "#000000"
          },
          "text": "Celda Robotizada"
        },
        "type": "ia.input.button"
      },
      {
        "events": {
          "dom": {
            "onClick": {
              "config": {
                "params": {},
                "view": "Bifurcacion"
              },
              "scope": "C",
              "type": "nav"
            }
          }
        },
        "meta": {
          "name": "Bifurcacion"
        },
        "position": {
          "height": 50,
          "width": 100,
          "y": 150
        },
        "props": {
          "style": {
            "backgroundColor": "#000000"
          },
          "text": "Bifurcacion"
        },
        "type": "ia.input.button"
      },
      {
        "events": {
          "dom": {
            "onClick": {
              "config": {
                "params": {},
                "view": "calidad"
              },
              "scope": "C",
              "type": "nav"
            }
          }
        },
        "meta": {
          "name": "Calidad"
        },
        "position": {
          "height": 50,
          "width": 100,
          "y": 200
        },
        "props": {
          "style": {
            "backgroundColor": "#000000"
          },
          "text": "Calidad"
        },
        "type": "ia.input.button"
      }
    ],
    "meta": {
      "name": "root"
    },
    "position": {
      "x": 0,
      "y": -25
    },
    "props": {
      "style": {
        "backgroundColor": "#00000000"
      }
    },
    "type": "ia.container.coord"
  }
}