{
  "custom": {},
  "params": {},
  "props": {
    "defaultSize": {
      "width": 1200
    }
  },
  "root": {
    "children": [
      {
        "meta": {
          "name": "Label1",
          "tooltip": {
            "style": {
              "fontFamily": "inherit",
              "textAlign": "center"
            }
          }
        },
        "position": {
          "height": 50,
          "width": 350,
          "x": 250,
          "y": 40
        },
        "props": {
          "text": "Iniciar operaciones",
          "textStyle": {
            "fontFamily": "inherit",
            "fontSize": 25,
            "textAlign": "center"
          }
        },
        "type": "ia.display.label"
      },
      {
        "events": {
          "dom": {
            "onClick": {
              "config": {
                "script": "\tsystem.tag.write(\"[default]MQTT Tags/Prensa_nube/Start_press_nube\",1)\n\tsystem.tag.write(\"[default]MQTT Tags/Volteadora_nube/Start_tipper_nube\",1)\n\tsystem.tag.write(\"[default]MQTT Tags/tags_robotstudio/ready_nube\",1)"
              },
              "scope": "G",
              "type": "script"
            }
          }
        },
        "meta": {
          "name": "Iniciar",
          "tooltip": {
            "style": {
              "fontFamily": "inherit",
              "textAlign": "center"
            }
          }
        },
        "position": {
          "height": 40,
          "width": 100,
          "x": 375,
          "y": 100
        },
        "props": {
          "image": {
            "style": {
              "backgroundColor": "#00FF20"
            }
          },
          "style": {
            "backgroundColor": "#2EED2B",
            "borderBottomLeftRadius": 5,
            "borderBottomRightRadius": 5,
            "borderColor": "#756262",
            "borderStyle": "ridge",
            "borderTopLeftRadius": 5,
            "borderTopRightRadius": 5
          },
          "text": "Iniciar",
          "textStyle": {
            "fontFamily": "inherit",
            "fontSize": 17
          }
        },
        "type": "ia.input.button"
      },
      {
        "meta": {
          "name": "Label2",
          "tooltip": {
            "style": {
              "fontFamily": "inherit",
              "textAlign": "center"
            }
          }
        },
        "position": {
          "height": 50,
          "width": 350,
          "x": 600,
          "y": 40
        },
        "props": {
          "text": "Detener operaciones",
          "textStyle": {
            "fontFamily": "inherit",
            "fontSize": 25,
            "textAlign": "center"
          }
        },
        "type": "ia.display.label"
      },
      {
        "events": {
          "dom": {
            "onClick": {
              "config": {
                "script": "\tsystem.tag.write(\"[default]MQTT Tags/Prensa_nube/Start_press_nube\",0)\n\tsystem.tag.write(\"[default]MQTT Tags/Volteadora_nube/Start_tipper_nube\",0)\n\tsystem.tag.write(\"[default]MQTT Tags/tags_robotstudio/ready_nube\",0)"
              },
              "scope": "G",
              "type": "script"
            }
          }
        },
        "meta": {
          "name": "Detener",
          "tooltip": {
            "style": {
              "fontFamily": "inherit",
              "textAlign": "center"
            }
          }
        },
        "position": {
          "height": 40,
          "width": 100,
          "x": 725,
          "y": 100
        },
        "props": {
          "image": {
            "style": {
              "backgroundColor": "#00FF20"
            }
          },
          "style": {
            "backgroundColor": "#E41F0D",
            "borderColor": "#756262",
            "borderStyle": "ridge"
          },
          "text": "Detener",
          "textStyle": {
            "fontFamily": "inherit",
            "fontSize": 17
          }
        },
        "type": "ia.input.button"
      },
      {
        "meta": {
          "name": "Volteadora",
          "tooltip": {
            "style": {
              "fontFamily": "inherit",
              "textAlign": "center"
            }
          }
        },
        "position": {
          "height": 50,
          "width": 170,
          "x": 315,
          "y": 230
        },
        "propConfig": {
          "props.selected": {
            "binding": {
              "config": {
                "bidirectional": true,
                "fallbackDelay": 2.5,
                "mode": "direct",
                "tagPath": "[default]MQTT Tags/Volteadora_nube/Start_tipper_nube"
              },
              "type": "tag"
            }
          }
        },
        "props": {
          "label": {
            "style": {
              "fontFamily": "inherit",
              "fontSize": 18,
              "textAlign": "justify"
            },
            "text": "Volteadora"
          }
        },
        "type": "ia.input.toggle-switch"
      },
      {
        "meta": {
          "name": "Prensa",
          "tooltip": {
            "style": {
              "fontFamily": "inherit",
              "textAlign": "center"
            }
          }
        },
        "position": {
          "height": 50,
          "width": 150,
          "x": 315,
          "y": 180
        },
        "propConfig": {
          "props.selected": {
            "binding": {
              "config": {
                "bidirectional": true,
                "fallbackDelay": 2.5,
                "mode": "direct",
                "tagPath": "[default]MQTT Tags/Prensa_nube/Start_press_nube"
              },
              "type": "tag"
            }
          }
        },
        "props": {
          "label": {
            "style": {
              "fontFamily": "inherit",
              "fontSize": 18,
              "textAlign": "justify"
            },
            "text": "Prensa"
          }
        },
        "type": "ia.input.toggle-switch"
      },
      {
        "meta": {
          "name": "Celda",
          "tooltip": {
            "style": {
              "fontFamily": "inherit",
              "textAlign": "center"
            }
          }
        },
        "position": {
          "height": 50,
          "width": 220,
          "x": 315,
          "y": 280
        },
        "propConfig": {
          "props.selected": {
            "binding": {
              "config": {
                "bidirectional": true,
                "fallbackDelay": 2.5,
                "mode": "direct",
                "tagPath": "[default]MQTT Tags/tags_robotstudio/ready_nube"
              },
              "type": "tag"
            }
          }
        },
        "props": {
          "label": {
            "style": {
              "fontFamily": "inherit",
              "fontSize": 18,
              "textAlign": "justify"
            },
            "text": "Celda robotizada"
          }
        },
        "type": "ia.input.toggle-switch"
      },
      {
        "meta": {
          "name": "Label3",
          "tooltip": {
            "style": {
              "fontFamily": "inherit",
              "textAlign": "center"
            }
          }
        },
        "position": {
          "height": 50,
          "width": 200,
          "x": 675,
          "y": 190
        },
        "props": {
          "text": "Cantidad baldosas",
          "textStyle": {
            "fontFamily": "inherit",
            "fontSize": 18,
            "textAlign": "center"
          }
        },
        "type": "ia.display.label"
      },
      {
        "meta": {
          "name": "Baldosas",
          "tooltip": {
            "style": {
              "fontFamily": "inherit",
              "textAlign": "center"
            }
          }
        },
        "position": {
          "height": 50,
          "width": 150,
          "x": 700,
          "y": 240
        },
        "propConfig": {
          "props.value": {
            "binding": {
              "config": {
                "fallbackDelay": 2.5,
                "mode": "direct",
                "tagPath": "[MQTT Engine]Edge Nodes/My MQTT Group/LocalVolteadoraTags/Volteadora/Tipper_Nbaldozas"
              },
              "type": "tag"
            }
          }
        },
        "props": {
          "numberFormat": "0"
        },
        "type": "ia.display.led-display"
      }
    ],
    "meta": {
      "name": "root"
    },
    "props": {
      "style": {
        "backgroundColor": "#CFC9C9"
      }
    },
    "type": "ia.container.coord"
  }
}