{
  "custom": {},
  "params": {},
  "props": {},
  "root": {
    "children": [
      {
        "meta": {
          "name": "LedDisplay"
        },
        "position": {
          "height": 32,
          "width": 128,
          "x": 564,
          "y": 395
        },
        "propConfig": {
          "props.value": {
            "binding": {
              "config": {
                "fallbackDelay": 2.5,
                "mode": "direct",
                "publishInitial": false,
                "tagPath": "[MQTT Engine]Edge Nodes/My MQTT Group/robotstudio_tags/robot_tags/total"
              },
              "type": "tag"
            }
          }
        },
        "type": "ia.display.led-display"
      },
      {
        "meta": {
          "name": "Label"
        },
        "position": {
          "height": 32,
          "width": 142,
          "x": 409,
          "y": 395
        },
        "props": {
          "text": "Cantidad baldosas",
          "textStyle": {
            "fontFamily": "Roboto"
          }
        },
        "type": "ia.display.label"
      },
      {
        "meta": {
          "name": "Thermometer"
        },
        "position": {
          "height": 215,
          "width": 102,
          "x": 487.994,
          "y": 146.91525
        },
        "props": {
          "intervals": [
            {
              "color": "#47A9E5",
              "high": 25,
              "low": 0
            },
            {
              "color": "#9828F4",
              "high": 40,
              "low": 40
            },
            {
              "color": "#DB3939",
              "high": 100,
              "low": 80
            }
          ],
          "mercuryColor": "#9E64A7",
          "value": 40
        },
        "type": "ia.display.thermometer"
      },
      {
        "meta": {
          "name": "Progress"
        },
        "position": {
          "height": 20,
          "rotate": {
            "angle": -90
          },
          "width": 200,
          "x": 276.32,
          "y": 244.78
        },
        "props": {
          "bar": {
            "color": "#AAAAAA",
            "determinate": {
              "color": "#935D93"
            },
            "indeterminate": {
              "color": "#AC00AC"
            }
          },
          "track": {
            "color": "#D5D5D5"
          }
        },
        "type": "ia.display.progress"
      },
      {
        "meta": {
          "name": "Label_0"
        },
        "position": {
          "height": 32,
          "rotate": {
            "anchor": "86% 0%"
          },
          "width": 110,
          "x": 331.4125,
          "y": 98.121875
        },
        "props": {
          "text": "Nivel de tinta",
          "textStyle": {
            "fontFamily": "Roboto"
          }
        },
        "type": "ia.display.label"
      },
      {
        "meta": {
          "name": "Label_1"
        },
        "position": {
          "height": 32,
          "rotate": {
            "anchor": "0% 63%"
          },
          "width": 50,
          "x": 475.584375,
          "y": 97.921925
        },
        "props": {
          "text": "Temperatura",
          "textStyle": {
            "fontFamily": "Roboto"
          }
        },
        "type": "ia.display.label"
      },
      {
        "meta": {
          "name": "Label_2"
        },
        "position": {
          "height": 32,
          "rotate": {
            "anchor": "100% 75%"
          },
          "width": 143,
          "x": 608.4,
          "y": 97.72
        },
        "props": {
          "text": "Selección de diseño",
          "textStyle": {
            "fontFamily": "Roboto"
          }
        },
        "type": "ia.display.label"
      },
      {
        "meta": {
          "name": "Sensor"
        },
        "position": {
          "height": 100,
          "width": 100,
          "y": 71
        },
        "props": {
          "label": {
            "text": "Presencia"
          }
        },
        "type": "ia.symbol.sensor"
      },
      {
        "meta": {
          "name": "Label_3"
        },
        "position": {
          "height": 32,
          "width": 261,
          "x": 300,
          "y": 25
        },
        "props": {
          "text": "IMPRESIÓN",
          "textStyle": {
            "fontFamily": "Roboto",
            "fontSize": 30
          }
        },
        "type": "ia.display.label"
      },
      {
        "meta": {
          "name": "SimpleGauge"
        },
        "position": {
          "height": 175,
          "width": 300,
          "x": 71,
          "y": 129.563
        },
        "props": {
          "arc": {
            "color": "#9A699A"
          },
          "endAngle": 400,
          "label": {
            "offsetY": 12
          },
          "startAngle": 120,
          "value": 70
        },
        "type": "ia.chart.simple-gauge"
      },
      {
        "meta": {
          "name": "Label_4"
        },
        "position": {
          "height": 32,
          "rotate": {
            "anchor": "25% 25%"
          },
          "width": 137,
          "x": 147,
          "y": 98.07
        },
        "props": {
          "text": "Velocidad (m/s)",
          "textStyle": {
            "fontFamily": "Roboto"
          }
        },
        "type": "ia.display.label"
      },
      {
        "meta": {
          "name": "Label_5"
        },
        "position": {
          "height": 32,
          "rotate": {
            "anchor": "0% 63%"
          },
          "width": 50,
          "x": 384.298,
          "y": 238.13825
        },
        "props": {
          "text": "- 50%"
        },
        "type": "ia.display.label"
      },
      {
        "meta": {
          "name": "MenuTree"
        },
        "position": {
          "height": 100,
          "width": 156,
          "x": 605.39,
          "y": 154.54
        },
        "props": {
          "items": [
            {
              "backActionText": "",
              "enabled": true,
              "items": [
                {
                  "backActionText": "",
                  "enabled": true,
                  "items": [],
                  "label": {
                    "icon": {
                      "path": ""
                    },
                    "text": "Color Azul\n"
                  },
                  "navIcon": {
                    "path": "material/brush"
                  },
                  "resetOnClick": true,
                  "showHeader": true,
                  "style": {
                    "classes": ""
                  },
                  "target": "",
                  "visible": true
                },
                {
                  "backActionText": "",
                  "enabled": true,
                  "items": [],
                  "label": {
                    "icon": {
                      "path": ""
                    },
                    "text": "Submenu item 2"
                  },
                  "navIcon": {
                    "path": ""
                  },
                  "resetOnClick": false,
                  "showHeader": true,
                  "style": {
                    "classes": ""
                  },
                  "target": "",
                  "visible": true
                }
              ],
              "label": {
                "icon": {
                  "path": "material/list"
                },
                "text": "Color\n"
              },
              "navIcon": {
                "color": "#AC00AC",
                "path": "material/chevron_right"
              },
              "resetOnClick": false,
              "showHeader": true,
              "style": {
                "classes": ""
              },
              "target": "",
              "visible": true
            },
            {
              "backActionText": "",
              "enabled": true,
              "items": [
                {
                  "backActionText": "",
                  "enabled": true,
                  "items": [],
                  "label": {
                    "icon": {
                      "path": ""
                    },
                    "text": "Diseño1\n"
                  },
                  "navIcon": {
                    "path": ""
                  },
                  "resetOnClick": false,
                  "showHeader": true,
                  "style": {
                    "classes": ""
                  },
                  "target": "",
                  "visible": true
                },
                {
                  "backActionText": "",
                  "enabled": true,
                  "items": [],
                  "label": {
                    "icon": {
                      "path": ""
                    },
                    "text": "Diseño 2\n"
                  },
                  "navIcon": {
                    "path": ""
                  },
                  "resetOnClick": false,
                  "showHeader": true,
                  "style": {
                    "classes": ""
                  },
                  "target": "",
                  "visible": true
                }
              ],
              "label": {
                "icon": {
                  "path": "material/list"
                },
                "text": "Diseño\n"
              },
              "navIcon": {
                "color": "#AC00AC",
                "path": "material/chevron_right"
              },
              "resetOnClick": false,
              "showHeader": true,
              "style": {
                "borderColor": "#AC00AC",
                "classes": "",
                "outlineColor": "#AC00AC"
              },
              "target": "",
              "visible": true
            }
          ],
          "style": {
            "backgroundColor": "#D5D5D5",
            "borderColor": "#AC00AC",
            "borderStyle": "solid",
            "color": "#AC00AC",
            "fill": "#AC00AC",
            "fontFamily": "Roboto",
            "outlineColor": "#AC00AC"
          }
        },
        "type": "ia.navigation.menutree"
      }
    ],
    "meta": {
      "name": "root"
    },
    "props": {
      "style": {
        "backgroundColor": "#CFC9C9"
      }
    },
    "type": "ia.container.coord"
  }
}