{
  "custom": {},
  "params": {},
  "props": {},
  "root": {
    "children": [
      {
        "meta": {
          "name": "Label1"
        },
        "position": {
          "height": 50,
          "rotate": {
            "anchor": "110% 124%"
          },
          "width": 327,
          "x": 313.40001220703124,
          "y": 95
        },
        "props": {
          "text": "Control de Calidad",
          "textStyle": {
            "fontFamily": "inherit",
            "fontSize": 30,
            "textAlign": "center"
          }
        },
        "type": "ia.display.label"
      },
      {
        "meta": {
          "name": "Label3",
          "tooltip": {
            "style": {
              "fontFamily": "inherit",
              "textAlign": "center"
            }
          }
        },
        "position": {
          "height": 50,
          "width": 200,
          "x": 377.2,
          "y": 350
        },
        "props": {
          "text": "Baldosa defectuosa",
          "textStyle": {
            "fontFamily": "inherit",
            "fontSize": 18,
            "textAlign": "center"
          }
        },
        "type": "ia.display.label"
      },
      {
        "meta": {
          "name": "Prensa",
          "tooltip": {
            "style": {
              "fontFamily": "inherit",
              "textAlign": "center"
            }
          }
        },
        "position": {
          "height": 50,
          "width": 64,
          "x": 444.5,
          "y": 400
        },
        "propConfig": {
          "props.selected": {
            "binding": {
              "config": {
                "bidirectional": true,
                "fallbackDelay": 2.5,
                "mode": "direct",
                "tagPath": "[default]MQTT Tags/Bifurcacion_nube/Control_cal"
              },
              "type": "tag"
            }
          }
        },
        "props": {
          "label": {
            "style": {
              "fontFamily": "inherit",
              "fontSize": 18,
              "textAlign": "justify"
            }
          }
        },
        "type": "ia.input.toggle-switch"
      },
      {
        "events": {
          "dom": {
            "onClick": {
              "config": {
                "script": "\tsystem.tag.write(\"[MQTT Engine]Edge Nodes/My MQTT Group/Local_Profe_Transmision/PLC 1/Program:MainProgram_StartRoutine\",1)"
              },
              "scope": "G",
              "type": "script"
            }
          }
        },
        "meta": {
          "name": "Iniciar_0",
          "tooltip": {
            "style": {
              "fontFamily": "inherit",
              "textAlign": "center"
            }
          }
        },
        "position": {
          "height": 40,
          "width": 100,
          "x": 255,
          "y": 201
        },
        "props": {
          "image": {
            "style": {
              "backgroundColor": "#00FF20"
            }
          },
          "style": {
            "backgroundColor": "#2EED2B",
            "borderBottomLeftRadius": 5,
            "borderBottomRightRadius": 5,
            "borderColor": "#756262",
            "borderStyle": "ridge",
            "borderTopLeftRadius": 5,
            "borderTopRightRadius": 5
          },
          "text": "Iniciar",
          "textStyle": {
            "fontFamily": "inherit",
            "fontSize": 17
          }
        },
        "type": "ia.input.button"
      },
      {
        "meta": {
          "name": "Indicador_0"
        },
        "position": {
          "height": 150,
          "width": 150,
          "x": 404,
          "y": 172
        },
        "propConfig": {
          "props.style.fill": {
            "binding": {
              "config": {
                "fallbackDelay": 2.5,
                "mode": "direct",
                "tagPath": "[MQTT Engine]Edge Nodes/My MQTT Group/Local_Profe_Transmision/PLC 1/Program:MainProgram_StartRoutine"
              },
              "transforms": [
                {
                  "fallback": "#000000",
                  "inputType": "scalar",
                  "mappings": [
                    {
                      "input": 0,
                      "output": "#FF8A8A"
                    },
                    {
                      "input": 1,
                      "output": "#8AFF8A"
                    }
                  ],
                  "outputType": "color",
                  "type": "map"
                }
              ],
              "type": "tag"
            }
          }
        },
        "props": {
          "label": {
            "text": "Presencia"
          }
        },
        "type": "ia.symbol.sensor"
      },
      {
        "events": {
          "dom": {
            "onClick": {
              "config": {
                "script": "\tsystem.tag.write(\"[MQTT Engine]Edge Nodes/My MQTT Group/Local_Profe_Transmision/PLC 1/Program:MainProgram_StartRoutine\",0)"
              },
              "scope": "G",
              "type": "script"
            }
          }
        },
        "meta": {
          "name": "Detener_0",
          "tooltip": {
            "style": {
              "fontFamily": "inherit",
              "textAlign": "center"
            }
          }
        },
        "position": {
          "height": 40,
          "width": 100,
          "x": 595,
          "y": 201
        },
        "props": {
          "image": {
            "style": {
              "backgroundColor": "#00FF20"
            }
          },
          "style": {
            "backgroundColor": "#E41F0D",
            "borderColor": "#756262",
            "borderStyle": "ridge"
          },
          "text": "Detener",
          "textStyle": {
            "fontFamily": "inherit",
            "fontSize": 17
          }
        },
        "type": "ia.input.button"
      },
      {
        "events": {
          "dom": {
            "onClick": {
              "config": {
                "script": "\tsystem.tag.write(\"[default]MQTT Tags/Bifurcacion_nube/Start_bif\",1)"
              },
              "scope": "G",
              "type": "script"
            }
          }
        },
        "meta": {
          "name": "Iniciar",
          "tooltip": {
            "style": {
              "fontFamily": "inherit",
              "textAlign": "center"
            }
          }
        },
        "position": {
          "height": 40,
          "width": 100,
          "x": 255,
          "y": 201
        },
        "props": {
          "image": {
            "style": {
              "backgroundColor": "#00FF20"
            }
          },
          "style": {
            "backgroundColor": "#2EED2B",
            "borderBottomLeftRadius": 5,
            "borderBottomRightRadius": 5,
            "borderColor": "#756262",
            "borderStyle": "ridge",
            "borderTopLeftRadius": 5,
            "borderTopRightRadius": 5
          },
          "text": "Iniciar",
          "textStyle": {
            "fontFamily": "inherit",
            "fontSize": 17
          }
        },
        "type": "ia.input.button"
      },
      {
        "meta": {
          "name": "Indicador"
        },
        "position": {
          "height": 150,
          "width": 150,
          "x": 404,
          "y": 172
        },
        "propConfig": {
          "props.style.fill": {
            "binding": {
              "config": {
                "fallbackDelay": 2.5,
                "mode": "direct",
                "tagPath": "[MQTT Engine]Edge Nodes/My MQTT Group/Local_Profe_Transmision/PLC 1/Program:MainProgram_StartRoutine"
              },
              "transforms": [
                {
                  "fallback": "#000000",
                  "inputType": "scalar",
                  "mappings": [
                    {
                      "input": 0,
                      "output": "#FF8A8A"
                    },
                    {
                      "input": 1,
                      "output": "#8AFF8A"
                    }
                  ],
                  "outputType": "color",
                  "type": "map"
                }
              ],
              "type": "tag"
            }
          }
        },
        "props": {
          "label": {
            "text": "Presencia"
          }
        },
        "type": "ia.symbol.sensor"
      },
      {
        "events": {
          "dom": {
            "onClick": {
              "config": {
                "script": "\tsystem.tag.write(\"[default]MQTT Tags/Bifurcacion_nube/Start_bif\",0)"
              },
              "scope": "G",
              "type": "script"
            }
          }
        },
        "meta": {
          "name": "Detener",
          "tooltip": {
            "style": {
              "fontFamily": "inherit",
              "textAlign": "center"
            }
          }
        },
        "position": {
          "height": 40,
          "width": 100,
          "x": 595,
          "y": 201
        },
        "props": {
          "image": {
            "style": {
              "backgroundColor": "#00FF20"
            }
          },
          "style": {
            "backgroundColor": "#E41F0D",
            "borderColor": "#756262",
            "borderStyle": "ridge"
          },
          "text": "Detener",
          "textStyle": {
            "fontFamily": "inherit",
            "fontSize": 17
          }
        },
        "type": "ia.input.button"
      }
    ],
    "meta": {
      "name": "root"
    },
    "props": {
      "style": {
        "backgroundColor": "#CFC9C9"
      }
    },
    "type": "ia.container.coord"
  }
}