{
  "custom": {},
  "params": {},
  "props": {
    "defaultSize": {
      "width": 100
    }
  },
  "root": {
    "children": [
      {
        "events": {
          "dom": {
            "onClick": {
              "config": {
                "params": {},
                "view": "Main"
              },
              "scope": "C",
              "type": "nav"
            }
          }
        },
        "meta": {
          "name": "Button"
        },
        "position": {
          "height": 47,
          "width": 91,
          "x": 1
        },
        "props": {
          "style": {
            "backgroundColor": "#000000"
          },
          "text": "Principal"
        },
        "type": "ia.input.button"
      },
      {
        "events": {
          "dom": {
            "onClick": {
              "config": {
                "params": {},
                "view": "Alarmas"
              },
              "scope": "C",
              "type": "nav"
            }
          }
        },
        "meta": {
          "name": "Button_0"
        },
        "position": {
          "height": 53,
          "width": 92,
          "y": 376
        },
        "props": {
          "style": {
            "backgroundColor": "#000000"
          },
          "text": "Alarmas"
        },
        "type": "ia.input.button"
      },
      {
        "events": {
          "dom": {
            "onClick": {
              "config": {
                "params": {},
                "view": "Historicos"
              },
              "scope": "C",
              "type": "nav"
            }
          }
        },
        "meta": {
          "name": "Button_1"
        },
        "position": {
          "height": 50,
          "rotate": {
            "anchor": "50% 88%"
          },
          "width": 92,
          "y": 429
        },
        "props": {
          "style": {
            "backgroundColor": "#000000"
          },
          "text": "Historicos"
        },
        "type": "ia.input.button"
      },
      {
        "events": {
          "dom": {
            "onClick": {
              "config": {
                "params": {},
                "view": "Prensa"
              },
              "scope": "C",
              "type": "nav"
            }
          }
        },
        "meta": {
          "name": "Button_3"
        },
        "position": {
          "height": 47,
          "width": 92,
          "y": 47
        },
        "props": {
          "style": {
            "backgroundColor": "#000000"
          },
          "text": "Prensado"
        },
        "type": "ia.input.button"
      },
      {
        "events": {
          "dom": {
            "onClick": {
              "config": {
                "params": {},
                "view": "Esmaltado"
              },
              "scope": "C",
              "type": "nav"
            }
          }
        },
        "meta": {
          "name": "Button_4"
        },
        "position": {
          "height": 47,
          "width": 92,
          "y": 94
        },
        "props": {
          "style": {
            "backgroundColor": "#000000"
          },
          "text": "Esmaltado"
        },
        "type": "ia.input.button"
      },
      {
        "events": {
          "dom": {
            "onClick": {
              "config": {
                "params": {},
                "view": "Volteadora"
              },
              "scope": "C",
              "type": "nav"
            }
          }
        },
        "meta": {
          "name": "Button_5"
        },
        "position": {
          "height": 47,
          "width": 92,
          "y": 141
        },
        "props": {
          "style": {
            "backgroundColor": "#000000"
          },
          "text": "Volteadora"
        },
        "type": "ia.input.button"
      },
      {
        "events": {
          "dom": {
            "onClick": {
              "config": {
                "params": {},
                "view": "Decorado"
              },
              "scope": "C",
              "type": "nav"
            }
          }
        },
        "meta": {
          "name": "Button_6"
        },
        "position": {
          "height": 47,
          "width": 92,
          "y": 188
        },
        "props": {
          "style": {
            "backgroundColor": "#000000"
          },
          "text": "Impresión"
        },
        "type": "ia.input.button"
      },
      {
        "events": {
          "dom": {
            "onClick": {
              "config": {
                "params": {},
                "view": "Horneado"
              },
              "scope": "C",
              "type": "nav"
            }
          }
        },
        "meta": {
          "name": "Button_7"
        },
        "position": {
          "height": 47,
          "width": 92,
          "y": 235
        },
        "props": {
          "style": {
            "backgroundColor": "#000000"
          },
          "text": "Horneado"
        },
        "type": "ia.input.button"
      },
      {
        "events": {
          "dom": {
            "onClick": {
              "config": {
                "params": {},
                "view": "Empaque"
              },
              "scope": "C",
              "type": "nav"
            }
          }
        },
        "meta": {
          "name": "Button_8"
        },
        "position": {
          "height": 47,
          "width": 92,
          "y": 282
        },
        "props": {
          "style": {
            "backgroundColor": "#000000"
          },
          "text": "Empaque"
        },
        "type": "ia.input.button"
      },
      {
        "events": {
          "dom": {
            "onClick": {
              "config": {
                "params": {},
                "view": "Celda Robotizada"
              },
              "scope": "C",
              "type": "nav"
            }
          }
        },
        "meta": {
          "name": "Button_9"
        },
        "position": {
          "height": 47,
          "width": 92,
          "y": 329
        },
        "props": {
          "style": {
            "backgroundColor": "#000000"
          },
          "text": "Celda Robotizada"
        },
        "type": "ia.input.button"
      }
    ],
    "meta": {
      "name": "root"
    },
    "props": {
      "style": {
        "backgroundColor": "#00000000"
      }
    },
    "type": "ia.container.coord"
  }
}