{
  "custom": {},
  "params": {},
  "props": {},
  "root": {
    "children": [
      {
        "meta": {
          "name": "Motor"
        },
        "position": {
          "height": 100,
          "width": 100,
          "x": 369,
          "y": 108
        },
        "propConfig": {
          "props.label.text": {
            "binding": {
              "config": {
                "fallbackDelay": 2.5,
                "mode": "direct",
                "tagPath": "[MQTT Engine]Edge Nodes/My MQTT Group/Local_Gio_Tags/Tags/Program:MainProgram_TEST"
              },
              "transforms": [
                {
                  "fallback": null,
                  "inputType": "scalar",
                  "mappings": [
                    {
                      "input": true,
                      "output": "START"
                    },
                    {
                      "input": false,
                      "output": "Stop"
                    }
                  ],
                  "outputType": "scalar",
                  "type": "map"
                }
              ],
              "type": "tag"
            }
          },
          "props.style.fill": {
            "binding": {
              "config": {
                "fallbackDelay": 2.5,
                "mode": "direct",
                "tagPath": "[MQTT Engine]Edge Nodes/My MQTT Group/Local_Gio_Tags/Tags/Program:MainProgram_TEST"
              },
              "transforms": [
                {
                  "fallback": "#000000",
                  "inputType": "expression",
                  "mappings": [
                    {
                      "input": "true",
                      "output": "#00FF00"
                    },
                    {
                      "input": "False",
                      "output": "#FF0000"
                    }
                  ],
                  "outputType": "color",
                  "type": "map"
                }
              ],
              "type": "tag"
            }
          },
          "props.value.text": {
            "binding": {
              "config": {
                "fallbackDelay": 2.5,
                "mode": "direct",
                "publishInitial": false,
                "tagPath": "[MQTT Engine]Edge Nodes/My MQTT Group/Local_Gio_Tags/Tags/Test_ignR"
              },
              "type": "tag"
            }
          }
        },
        "props": {
          "label": {},
          "value": {}
        },
        "type": "ia.symbol.motor"
      },
      {
        "meta": {
          "name": "Label"
        },
        "position": {
          "height": 141,
          "width": 234,
          "x": 114,
          "y": 108
        },
        "propConfig": {
          "props.style.backgroundColor": {
            "binding": {
              "config": {
                "fallbackDelay": 2.5,
                "mode": "direct",
                "tagPath": "[MQTT Engine]Edge Nodes/My MQTT Group/Local_Gio_Tags/Tags/Program:MainProgram_TEST"
              },
              "transforms": [
                {
                  "fallback": "#000000",
                  "inputType": "scalar",
                  "mappings": [
                    {
                      "input": true,
                      "output": "#47FF47"
                    },
                    {
                      "input": false,
                      "output": "#FF0000"
                    }
                  ],
                  "outputType": "color",
                  "type": "map"
                }
              ],
              "type": "tag"
            }
          },
          "props.text": {
            "binding": {
              "config": {
                "fallbackDelay": 2.5,
                "mode": "direct",
                "publishInitial": false,
                "tagPath": "[MQTT Engine]Edge Nodes/My MQTT Group/Local_Gio_Tags/Tags/Program:MainProgram_TEST"
              },
              "type": "tag"
            }
          }
        },
        "type": "ia.display.label"
      },
      {
        "meta": {
          "name": "ToggleSwitch"
        },
        "position": {
          "height": 36,
          "width": 96,
          "x": 183,
          "y": 50
        },
        "propConfig": {
          "props.selected": {
            "binding": {
              "config": {
                "bidirectional": true,
                "fallbackDelay": 2.5,
                "mode": "direct",
                "publishInitial": false,
                "tagPath": "[default]MQTT Tags/Nube_MQTT_PLC/Nube_start"
              },
              "type": "tag"
            }
          }
        },
        "type": "ia.input.toggle-switch"
      },
      {
        "meta": {
          "name": "Slider"
        },
        "position": {
          "height": 32,
          "width": 192,
          "x": 194,
          "y": 424
        },
        "propConfig": {
          "props.value": {
            "binding": {
              "config": {
                "bidirectional": true,
                "fallbackDelay": 2.5,
                "mode": "direct",
                "publishInitial": false,
                "tagPath": "[default]MQTT Tags/Nube_MQTT_PLC/Posx"
              },
              "type": "tag"
            }
          }
        },
        "props": {
          "max": 1220
        },
        "type": "ia.input.slider"
      }
    ],
    "meta": {
      "name": "root"
    },
    "type": "ia.container.coord"
  }
}