{
  "custom": {},
  "params": {},
  "props": {},
  "root": {
    "children": [
      {
        "meta": {
          "name": "Label_3"
        },
        "position": {
          "height": 32,
          "width": 261,
          "x": 300,
          "y": 25
        },
        "props": {
          "text": "ESMALTADO",
          "textStyle": {
            "fontSize": 30
          }
        },
        "type": "ia.display.label"
      },
      {
        "meta": {
          "name": "Label_0",
          "tooltip": {
            "style": {
              "borderColor": "#000000",
              "borderStyle": "solid"
            }
          }
        },
        "position": {
          "height": 32,
          "rotate": {
            "anchor": "50% 100%"
          },
          "width": 174,
          "x": 138.962625,
          "y": 131.736
        },
        "props": {
          "key": [],
          "style": {
            "fontFamily": "Roboto"
          },
          "text": "Nivel de esmalte en el cilindro",
          "textStyle": {
            "fontFamily": "Roboto"
          }
        },
        "type": "ia.display.label"
      },
      {
        "meta": {
          "name": "Thermometer"
        },
        "position": {
          "height": 215,
          "width": 102,
          "x": 368.884375,
          "y": 171.281625
        },
        "props": {
          "highBound": 1500,
          "intervals": [
            {
              "color": "#00ACAC",
              "high": 25,
              "low": 0
            },
            {
              "color": "#800080",
              "high": 950,
              "low": 950
            },
            {
              "color": "#D90000",
              "high": 1500,
              "low": 1200
            }
          ],
          "value": 950
        },
        "type": "ia.display.thermometer"
      },
      {
        "meta": {
          "name": "Label_1"
        },
        "position": {
          "height": 32,
          "rotate": {
            "anchor": "-206% 75%"
          },
          "width": 50,
          "x": 369.490625,
          "y": 120.56200000000001
        },
        "props": {
          "text": "Temperatura",
          "textStyle": {
            "fontFamily": "Roboto"
          }
        },
        "type": "ia.display.label"
      },
      {
        "meta": {
          "name": "Thermometer_0"
        },
        "position": {
          "height": 215,
          "width": 102,
          "x": 590.391,
          "y": 171.672625
        },
        "props": {
          "intervals": [
            {
              "color": "#00ACAC",
              "high": 25,
              "low": 0
            },
            {
              "color": "#800080",
              "high": 30,
              "low": 30
            },
            {
              "color": "#D90000",
              "high": 100,
              "low": 60
            }
          ],
          "unit": "psi",
          "value": 30
        },
        "type": "ia.display.thermometer"
      },
      {
        "meta": {
          "name": "Label_2"
        },
        "position": {
          "height": 32,
          "rotate": {
            "anchor": "-13% 0%"
          },
          "width": 50,
          "x": 602.791,
          "y": 115.6255
        },
        "props": {
          "text": "Presión",
          "textStyle": {
            "fontFamily": "Roboto"
          }
        },
        "type": "ia.display.label"
      },
      {
        "meta": {
          "name": "Label_4"
        },
        "position": {
          "height": 32,
          "width": 142,
          "x": 409,
          "y": 395
        },
        "props": {
          "text": "Cantidad baldosas"
        },
        "type": "ia.display.label"
      },
      {
        "meta": {
          "name": "LedDisplay_0"
        },
        "position": {
          "height": 32,
          "width": 128,
          "x": 564,
          "y": 395
        },
        "propConfig": {
          "props.value": {
            "binding": {
              "config": {
                "fallbackDelay": 2.5,
                "mode": "direct",
                "publishInitial": false,
                "tagPath": "[MQTT Engine]Edge Nodes/My MQTT Group/robotstudio_tags/robot_tags/total"
              },
              "type": "tag"
            }
          }
        },
        "type": "ia.display.led-display"
      },
      {
        "meta": {
          "name": "Sensor_0"
        },
        "position": {
          "height": 100,
          "width": 100,
          "y": 71
        },
        "props": {
          "label": {
            "text": "Presencia"
          }
        },
        "type": "ia.symbol.sensor"
      },
      {
        "meta": {
          "name": "CylindricalTank"
        },
        "position": {
          "height": 186,
          "width": 81,
          "x": 167.95,
          "y": 185.56125
        },
        "props": {
          "liquidColor": "#691B83",
          "tankColor": "#D5D5D5",
          "value": 40
        },
        "type": "ia.display.cylindrical-tank"
      }
    ],
    "meta": {
      "name": "root"
    },
    "props": {
      "style": {
        "backgroundColor": "#CFC9C9"
      }
    },
    "type": "ia.container.coord"
  }
}