{
  "custom": {},
  "params": {},
  "props": {
    "defaultSize": {
      "width": 1500
    }
  },
  "root": {
    "children": [
      {
        "meta": {
          "name": "Gauge"
        },
        "position": {
          "height": 175,
          "width": 300,
          "x": 3.975,
          "y": 174.5
        },
        "props": {
          "backgroundColor": "",
          "endAngle": 405,
          "innerAxis": {
            "data": "secondaryValue",
            "maxValue": 80,
            "percentRadius": 85,
            "show": false,
            "width": 1
          },
          "outerAxis": {
            "data": "value",
            "maxValue": 500,
            "percentRadius": 100,
            "ranges": [
              {
                "color": "#BE7CD7",
                "end": 250,
                "start": 0,
                "width": 8
              },
              {
                "color": "#BC4DBB",
                "end": 400,
                "start": 250,
                "width": 12
              },
              {
                "color": "#C4219F",
                "end": 500,
                "start": 400,
                "width": 16
              }
            ],
            "show": true,
            "width": 1
          },
          "startAngle": 135,
          "value": 300
        },
        "type": "ia.chart.gauge"
      },
      {
        "meta": {
          "name": "Label"
        },
        "position": {
          "height": 32,
          "rotate": {
            "anchor": "64% -28%"
          },
          "width": 155,
          "x": 86.34,
          "y": 117.49875
        },
        "props": {
          "text": "Presión KgF/cm^2",
          "textStyle": {
            "borderColor": "#000000",
            "fontFamily": "Roboto"
          }
        },
        "type": "ia.display.label"
      },
      {
        "meta": {
          "name": "Thermometer"
        },
        "position": {
          "height": 215,
          "rotate": {
            "anchor": "35% 75%"
          },
          "width": 102,
          "x": 352.194,
          "y": 164.09375
        },
        "props": {
          "intervals": [
            {
              "color": "#47A9E5",
              "high": 25,
              "low": 0
            },
            {
              "color": "#B394EF",
              "high": 75,
              "low": 25
            },
            {
              "color": "#DB3939",
              "high": 100,
              "low": 75
            }
          ],
          "value": 50
        },
        "type": "ia.display.thermometer"
      },
      {
        "meta": {
          "name": "Label_1"
        },
        "position": {
          "height": 32,
          "width": 110,
          "x": 344.1625,
          "y": 117.4745
        },
        "props": {
          "text": "Temperatura",
          "textStyle": {
            "fontFamily": "Roboto"
          }
        },
        "type": "ia.display.label"
      },
      {
        "meta": {
          "name": "Label_2"
        },
        "position": {
          "height": 32,
          "rotate": {
            "anchor": "25% 234%"
          },
          "width": 110,
          "x": 585.98775,
          "y": 117.76225
        },
        "props": {
          "text": "Humedad",
          "textStyle": {
            "fontFamily": "Roboto"
          }
        },
        "type": "ia.display.label"
      },
      {
        "meta": {
          "name": "Thermometer_0"
        },
        "position": {
          "height": 215,
          "width": 102,
          "x": 589.6,
          "y": 164.6
        },
        "props": {
          "axisLabelColor": "#000000",
          "intervals": [
            {
              "color": "#47A9E5",
              "high": 25,
              "low": 0
            },
            {
              "color": "#B394EF",
              "high": 75,
              "low": 25
            },
            {
              "color": "#DB3939",
              "high": 100,
              "low": 75
            }
          ],
          "mercuryColor": "#000000",
          "thermometerColor": "#000000",
          "unit": "%",
          "value": 30,
          "valueFontColor": "#000000"
        },
        "type": "ia.display.thermometer"
      },
      {
        "meta": {
          "name": "Button"
        },
        "position": {
          "height": 53,
          "width": 102,
          "x": 976.4,
          "y": 188
        },
        "props": {
          "style": {
            "backgroundColor": "#EB1A1A"
          },
          "text": "Baldosa"
        },
        "type": "ia.input.button"
      },
      {
        "meta": {
          "name": "Valve"
        },
        "position": {
          "height": 100,
          "width": 100,
          "x": 971.6,
          "y": 39.599998474121094
        },
        "props": {
          "label": {
            "text": "Polvo Prensa"
          }
        },
        "type": "ia.symbol.valve"
      },
      {
        "meta": {
          "name": "Label_3"
        },
        "position": {
          "height": 32,
          "width": 261,
          "x": 303.93775,
          "y": 39.37495
        },
        "props": {
          "text": "PRENSADO",
          "textStyle": {
            "fontFamily": "Roboto",
            "fontSize": 30
          }
        },
        "type": "ia.display.label"
      },
      {
        "meta": {
          "name": "Label_4"
        },
        "position": {
          "height": 32,
          "width": 142,
          "x": 391,
          "y": 395
        },
        "props": {
          "text": "Cantidad baldosas"
        },
        "type": "ia.display.label"
      },
      {
        "meta": {
          "name": "LedDisplay_0"
        },
        "position": {
          "height": 32,
          "width": 128,
          "x": 564,
          "y": 395
        },
        "propConfig": {
          "props.value": {
            "binding": {
              "config": {
                "fallbackDelay": 2.5,
                "mode": "direct",
                "publishInitial": false,
                "tagPath": "[MQTT Engine]Edge Nodes/My MQTT Group/robotstudio_tags/robot_tags/total"
              },
              "type": "tag"
            }
          }
        },
        "type": "ia.display.led-display"
      },
      {
        "meta": {
          "name": "Sensor_0"
        },
        "position": {
          "height": 100,
          "width": 100,
          "y": 71
        },
        "propConfig": {
          "props.style.fill": {
            "binding": {
              "config": {
                "fallbackDelay": 2.5,
                "mode": "direct",
                "tagPath": "[MQTT Engine]Edge Nodes/My MQTT Group/robotstudio_tags/robot_tags/ready"
              },
              "transforms": [
                {
                  "fallback": "#000000",
                  "inputType": "scalar",
                  "mappings": [
                    {
                      "input": 0,
                      "output": "#FF0000"
                    },
                    {
                      "input": 1,
                      "output": "#00FF00"
                    }
                  ],
                  "outputType": "color",
                  "type": "map"
                }
              ],
              "type": "tag"
            }
          }
        },
        "props": {
          "label": {
            "text": "Presencia"
          }
        },
        "type": "ia.symbol.sensor"
      }
    ],
    "meta": {
      "name": "root"
    },
    "props": {
      "style": {
        "backgroundColor": "#CFC9C9"
      }
    },
    "type": "ia.container.coord"
  }
}