{
  "custom": {},
  "params": {},
  "props": {},
  "root": {
    "children": [
      {
        "meta": {
          "name": "Motor"
        },
        "position": {
          "height": 100,
          "width": 100,
          "x": 621,
          "y": 36
        },
        "propConfig": {
          "props.label.text": {
            "binding": {
              "config": {
                "fallbackDelay": 2.5,
                "mode": "direct",
                "tagPath": "[MQTT Engine]Edge Nodes/My MQTT Group/Local_Gio_Tags/Tags/Program:MainProgram_TEST"
              },
              "transforms": [
                {
                  "fallback": null,
                  "inputType": "scalar",
                  "mappings": [
                    {
                      "input": true,
                      "output": "START"
                    },
                    {
                      "input": false,
                      "output": "Stop"
                    }
                  ],
                  "outputType": "scalar",
                  "type": "map"
                }
              ],
              "type": "tag"
            }
          },
          "props.style.fill": {
            "binding": {
              "config": {
                "fallbackDelay": 2.5,
                "mode": "direct",
                "tagPath": "[MQTT Engine]Edge Nodes/My MQTT Group/Local_Gio_Tags/Tags/Program:MainProgram_TEST"
              },
              "transforms": [
                {
                  "fallback": "#000000",
                  "inputType": "expression",
                  "mappings": [
                    {
                      "input": "true",
                      "output": "#00FF00"
                    },
                    {
                      "input": "False",
                      "output": "#FF0000"
                    }
                  ],
                  "outputType": "color",
                  "type": "map"
                }
              ],
              "type": "tag"
            }
          }
        },
        "props": {
          "label": {}
        },
        "type": "ia.symbol.motor"
      },
      {
        "meta": {
          "name": "TimeSeriesChart"
        },
        "position": {
          "height": 400,
          "width": 400,
          "x": 102,
          "y": 65
        },
        "propConfig": {
          "props.series[0].data": {
            "binding": {
              "config": {
                "aggregate": "MinMax",
                "avoidScanClassValidation": true,
                "dateRange": {
                  "mostRecent": "30",
                  "mostRecentUnits": "MIN"
                },
                "enableValueCache": true,
                "ignoreBadQuality": false,
                "polling": {
                  "enabled": true,
                  "rate": "1"
                },
                "preventInterpolation": false,
                "returnFormat": "Wide",
                "returnSize": {
                  "delay": "1",
                  "delayUnits": "SEC",
                  "type": "INTERVAL"
                },
                "tags": [
                  {
                    "path": "[Sample_SQLite_Database/ignition-sandboxhost-638521837098268496:mqtt engine]edge nodes/my mqtt group/local_gio_tags/tags/program:mainprogram_test"
                  }
                ],
                "valueFormat": "DATASET"
              },
              "type": "tag-history"
            }
          }
        },
        "props": {
          "series": [
            {
              "name": "Boiler"
            }
          ]
        },
        "type": "ia.chart.timeseries"
      }
    ],
    "meta": {
      "name": "root"
    },
    "type": "ia.container.coord"
  }
}