{
  "custom": {},
  "params": {},
  "props": {},
  "root": {
    "children": [
      {
        "meta": {
          "name": "Label_1"
        },
        "position": {
          "height": 32,
          "rotate": {
            "anchor": "-318% 175%"
          },
          "width": 281,
          "x": 149.2,
          "y": 297.259
        },
        "props": {
          "text": "Cantidad de empaquetado",
          "textStyle": {
            "fontFamily": "Roboto"
          }
        },
        "type": "ia.display.label"
      },
      {
        "meta": {
          "name": "Label_3"
        },
        "position": {
          "height": 32,
          "width": 261,
          "x": 300,
          "y": 25
        },
        "props": {
          "text": "EMPAQUETADO",
          "textStyle": {
            "fontSize": 30
          }
        },
        "type": "ia.display.label"
      },
      {
        "meta": {
          "name": "Label_0"
        },
        "position": {
          "height": 32,
          "width": 142,
          "x": 409,
          "y": 395
        },
        "props": {
          "text": "Cantidad baldosas"
        },
        "type": "ia.display.label"
      },
      {
        "meta": {
          "name": "LedDisplay_0"
        },
        "position": {
          "height": 32,
          "width": 128,
          "x": 564,
          "y": 395
        },
        "propConfig": {
          "props.value": {
            "binding": {
              "config": {
                "fallbackDelay": 2.5,
                "mode": "direct",
                "publishInitial": false,
                "tagPath": "[MQTT Engine]Edge Nodes/My MQTT Group/robotstudio_tags/robot_tags/total"
              },
              "type": "tag"
            }
          }
        },
        "type": "ia.display.led-display"
      },
      {
        "meta": {
          "name": "Sensor_0"
        },
        "position": {
          "height": 100,
          "width": 100,
          "y": 71
        },
        "props": {
          "label": {
            "text": "Presencia"
          }
        },
        "type": "ia.symbol.sensor"
      },
      {
        "meta": {
          "name": "Label_2"
        },
        "position": {
          "height": 32,
          "rotate": {
            "anchor": "-318% 175%"
          },
          "width": 281,
          "x": 149.5745,
          "y": 342.63
        },
        "props": {
          "text": "Tamaño de empaque",
          "textStyle": {
            "fontFamily": "Roboto"
          }
        },
        "type": "ia.display.label"
      },
      {
        "meta": {
          "name": "Gauge"
        },
        "position": {
          "height": 132,
          "width": 226,
          "x": 149.6215,
          "y": 147.2525
        },
        "props": {
          "backgroundColor": "",
          "innerAxis": {
            "data": "secondaryValue",
            "maxValue": 80,
            "percentRadius": 85,
            "show": false,
            "width": 1
          },
          "outerAxis": {
            "data": "value",
            "maxValue": 120,
            "percentRadius": 100,
            "ranges": [
              {
                "color": "#D298EC",
                "end": 30,
                "start": 0,
                "width": 8
              },
              {
                "color": "#BD76DF",
                "end": 80,
                "start": 30,
                "width": 12
              },
              {
                "color": "#9816CF",
                "end": 120,
                "start": 80,
                "width": 16
              }
            ],
            "show": true,
            "width": 1
          },
          "value": 90
        },
        "type": "ia.chart.gauge"
      },
      {
        "meta": {
          "name": "TextField"
        },
        "position": {
          "height": 29,
          "width": 75,
          "x": 616.95,
          "y": 345.255
        },
        "type": "ia.input.text-field"
      },
      {
        "meta": {
          "name": "TextField_0"
        },
        "position": {
          "height": 32,
          "width": 74,
          "x": 618.297,
          "y": 297.125
        },
        "type": "ia.input.text-field"
      },
      {
        "meta": {
          "name": "Progress"
        },
        "position": {
          "height": 20,
          "width": 200,
          "x": 480,
          "y": 202.8135
        },
        "props": {
          "bar": {
            "color": "#A865B5"
          }
        },
        "type": "ia.display.progress"
      },
      {
        "meta": {
          "name": "Label_4"
        },
        "position": {
          "height": 32,
          "rotate": {
            "anchor": "-318% 175%"
          },
          "width": 88,
          "x": 229.887,
          "y": 97.26
        },
        "props": {
          "text": "Velocidad",
          "textStyle": {
            "fontFamily": "Roboto"
          }
        },
        "type": "ia.display.label"
      },
      {
        "meta": {
          "name": "Label_5"
        },
        "position": {
          "height": 32,
          "rotate": {
            "anchor": "-318% 175%"
          },
          "width": 171,
          "x": 494.578,
          "y": 104.51
        },
        "props": {
          "text": "   Nivel de paquetes",
          "textStyle": {
            "fontFamily": "Roboto"
          }
        },
        "type": "ia.display.label"
      },
      {
        "meta": {
          "name": "Label_6"
        },
        "position": {
          "height": 32,
          "rotate": {
            "anchor": "-318% 175%"
          },
          "width": 33,
          "x": 563.5799999999999,
          "y": 163.51
        },
        "props": {
          "text": "50%"
        },
        "type": "ia.display.label"
      }
    ],
    "meta": {
      "name": "root"
    },
    "props": {
      "style": {
        "backgroundColor": "#CFC9C9"
      }
    },
    "type": "ia.container.coord"
  }
}