{
  "custom": {},
  "params": {},
  "props": {
    "defaultSize": {
      "height": 56,
      "width": 1473
    }
  },
  "root": {
    "children": [
      {
        "meta": {
          "name": "log3"
        },
        "position": {
          "height": 74,
          "rotate": {
            "anchor": "75% 25%"
          },
          "width": 100,
          "x": 1323,
          "y": -24.5
        },
        "props": {
          "source": "/system/images/log3.jpeg"
        },
        "type": "ia.display.image"
      },
      {
        "meta": {
          "name": "tecn1"
        },
        "position": {
          "height": 100,
          "width": 295
        },
        "props": {
          "source": "/system/images/tecn1.jpg"
        },
        "type": "ia.display.image"
      }
    ],
    "meta": {
      "name": "root"
    },
    "position": {
      "x": -14,
      "y": 0
    },
    "props": {
      "style": {
        "backgroundColor": "#00000000"
      }
    },
    "type": "ia.container.coord"
  }
}