{
  "custom": {},
  "params": {},
  "props": {
    "defaultSize": {
      "height": 160,
      "width": 1200
    }
  },
  "root": {
    "children": [
      {
        "meta": {
          "name": "AlarmStatusTable_0"
        },
        "position": {
          "height": 275,
          "width": 970,
          "x": 230,
          "y": -85
        },
        "type": "ia.display.alarmstatustable"
      },
      {
        "meta": {
          "name": "alarma2"
        },
        "position": {
          "height": 147,
          "width": 148,
          "x": 59,
          "y": -0.5
        },
        "props": {
          "source": "/system/images/alarma2.png"
        },
        "type": "ia.display.image"
      }
    ],
    "meta": {
      "name": "root"
    },
    "position": {
      "x": 42,
      "y": -50
    },
    "type": "ia.container.coord"
  }
}