{
  "custom": {},
  "params": {},
  "props": {
    "defaultSize": {
      "width": 1200
    }
  },
  "root": {
    "children": [
      {
        "meta": {
          "name": "Label1"
        },
        "position": {
          "height": 50,
          "width": 200,
          "x": 500,
          "y": 40
        },
        "props": {
          "text": "PRENSADO",
          "textStyle": {
            "fontFamily": "inherit",
            "fontSize": 30,
            "textAlign": "center"
          }
        },
        "type": "ia.display.label"
      },
      {
        "meta": {
          "name": "Baldosas"
        },
        "position": {
          "height": 50,
          "width": 150,
          "x": 523,
          "y": 330
        },
        "propConfig": {
          "props.value": {
            "binding": {
              "config": {
                "fallbackDelay": 2.5,
                "mode": "direct",
                "tagPath": "[MQTT Engine]Edge Nodes/My MQTT Group/Local_Gio_Tags/Press_TAGS/Press_NBaldosas"
              },
              "type": "tag"
            }
          }
        },
        "props": {
          "numberFormat": "0"
        },
        "type": "ia.display.led-display"
      },
      {
        "events": {
          "dom": {
            "onClick": {
              "config": {
                "script": "\tsystem.tag.write(\"[default]MQTT Tags/Prensa_nube/Start_press_nube\",1)"
              },
              "scope": "G",
              "type": "script"
            }
          }
        },
        "meta": {
          "name": "Iniciar",
          "tooltip": {
            "style": {
              "fontFamily": "inherit",
              "textAlign": "center"
            }
          }
        },
        "position": {
          "height": 40,
          "width": 100,
          "x": 375,
          "y": 150
        },
        "props": {
          "image": {
            "style": {
              "backgroundColor": "#00FF20"
            }
          },
          "style": {
            "backgroundColor": "#2EED2B",
            "borderBottomLeftRadius": 5,
            "borderBottomRightRadius": 5,
            "borderColor": "#756262",
            "borderStyle": "ridge",
            "borderTopLeftRadius": 5,
            "borderTopRightRadius": 5
          },
          "text": "Iniciar",
          "textStyle": {
            "fontFamily": "inherit",
            "fontSize": 17
          }
        },
        "type": "ia.input.button"
      },
      {
        "events": {
          "dom": {
            "onClick": {
              "config": {
                "script": "\tsystem.tag.write(\"[default]MQTT Tags/Prensa_nube/Start_press_nube\",0)"
              },
              "scope": "G",
              "type": "script"
            }
          }
        },
        "meta": {
          "name": "Detener",
          "tooltip": {
            "style": {
              "fontFamily": "inherit",
              "textAlign": "center"
            }
          }
        },
        "position": {
          "height": 40,
          "width": 100,
          "x": 725,
          "y": 150
        },
        "props": {
          "image": {
            "style": {
              "backgroundColor": "#00FF20"
            }
          },
          "style": {
            "backgroundColor": "#E41F0D",
            "borderColor": "#756262",
            "borderStyle": "ridge"
          },
          "text": "Detener",
          "textStyle": {
            "fontFamily": "inherit",
            "fontSize": 17
          }
        },
        "type": "ia.input.button"
      },
      {
        "meta": {
          "name": "Label3",
          "tooltip": {
            "style": {
              "fontFamily": "inherit",
              "textAlign": "center"
            }
          }
        },
        "position": {
          "height": 50,
          "width": 200,
          "x": 500,
          "y": 280
        },
        "props": {
          "text": "Cantidad baldosas",
          "textStyle": {
            "fontFamily": "inherit",
            "fontSize": 18,
            "textAlign": "center"
          }
        },
        "type": "ia.display.label"
      },
      {
        "meta": {
          "name": "Indicador"
        },
        "position": {
          "height": 150,
          "width": 150,
          "x": 525,
          "y": 100
        },
        "propConfig": {
          "props.style.fill": {
            "binding": {
              "config": {
                "fallbackDelay": 2.5,
                "mode": "direct",
                "tagPath": "[MQTT Engine]Edge Nodes/My MQTT Group/Local_Gio_Tags/Press_TAGS/StartPress"
              },
              "transforms": [
                {
                  "fallback": "#000000",
                  "inputType": "scalar",
                  "mappings": [
                    {
                      "input": 0,
                      "output": "#FF8A8A"
                    },
                    {
                      "input": 1,
                      "output": "#8AFF8A"
                    }
                  ],
                  "outputType": "color",
                  "type": "map"
                }
              ],
              "type": "tag"
            }
          }
        },
        "props": {
          "label": {
            "text": "Presencia"
          }
        },
        "type": "ia.symbol.sensor"
      }
    ],
    "meta": {
      "name": "root"
    },
    "props": {
      "style": {
        "backgroundColor": "#CFC9C9"
      }
    },
    "type": "ia.container.coord"
  }
}