{
  "custom": {},
  "params": {},
  "props": {
    "defaultSize": {
      "height": 165,
      "width": 1500
    }
  },
  "root": {
    "children": [
      {
        "meta": {
          "name": "alarma2"
        },
        "position": {
          "height": 127,
          "width": 127,
          "x": 48,
          "y": 13
        },
        "props": {
          "source": "/system/images/alarma2.png"
        },
        "type": "ia.display.image"
      },
      {
        "meta": {
          "name": "AlarmJournalTable"
        },
        "position": {
          "height": 294,
          "width": 800,
          "x": 297,
          "y": -87
        },
        "type": "ia.display.alarmjournaltable"
      }
    ],
    "meta": {
      "name": "root"
    },
    "type": "ia.container.coord"
  }
}