{
  "custom": {},
  "params": {},
  "props": {},
  "root": {
    "children": [
      {
        "meta": {
          "name": "Thermometer"
        },
        "position": {
          "height": 215,
          "width": 102,
          "x": 456.4,
          "y": 163.5
        },
        "props": {
          "highBound": 1400,
          "intervals": [
            {
              "color": "#47A9E5",
              "high": 900,
              "low": 0
            },
            {
              "color": "#B394EF",
              "high": 1200,
              "low": 900
            },
            {
              "color": "#DB3939",
              "high": 1400,
              "low": 1200
            }
          ],
          "value": 1149
        },
        "type": "ia.display.thermometer"
      },
      {
        "meta": {
          "name": "Thermometer_0"
        },
        "position": {
          "height": 215,
          "width": 102,
          "x": 624,
          "y": 163.5
        },
        "props": {
          "intervals": [
            {
              "color": "#47A9E5",
              "high": 25,
              "low": 0
            },
            {
              "color": "#B394EF",
              "high": 75,
              "low": 25
            },
            {
              "color": "#DB3939",
              "high": 100,
              "low": 75
            }
          ],
          "unit": "%"
        },
        "type": "ia.display.thermometer"
      },
      {
        "meta": {
          "name": "Label_1"
        },
        "position": {
          "height": 32,
          "width": 50,
          "x": 452.6,
          "y": 133
        },
        "props": {
          "text": "Temperatura"
        },
        "type": "ia.display.label"
      },
      {
        "meta": {
          "name": "Label_2"
        },
        "position": {
          "height": 32,
          "width": 50,
          "x": 640.4,
          "y": 133
        },
        "props": {
          "text": "Humedad"
        },
        "type": "ia.display.label"
      },
      {
        "meta": {
          "name": "Label_3"
        },
        "position": {
          "height": 32,
          "width": 261,
          "x": 300,
          "y": 25
        },
        "props": {
          "text": "Horneado",
          "textStyle": {
            "fontSize": 30
          }
        },
        "type": "ia.display.label"
      },
      {
        "meta": {
          "name": "Label_4"
        },
        "position": {
          "height": 32,
          "width": 142,
          "x": 53,
          "y": 395
        },
        "props": {
          "text": "Tiempo cocción (min)"
        },
        "type": "ia.display.label"
      },
      {
        "meta": {
          "name": "LedDisplay_0"
        },
        "position": {
          "height": 32,
          "width": 128,
          "x": 212.4,
          "y": 395
        },
        "props": {
          "value": 50
        },
        "type": "ia.display.led-display"
      },
      {
        "meta": {
          "name": "Label_0"
        },
        "position": {
          "height": 32,
          "width": 142,
          "x": 409,
          "y": 395
        },
        "props": {
          "text": "Cantidad baldosas"
        },
        "type": "ia.display.label"
      },
      {
        "meta": {
          "name": "LedDisplay_1"
        },
        "position": {
          "height": 32,
          "width": 128,
          "x": 564,
          "y": 395
        },
        "propConfig": {
          "props.value": {
            "binding": {
              "config": {
                "fallbackDelay": 2.5,
                "mode": "direct",
                "publishInitial": false,
                "tagPath": "[MQTT Engine]Edge Nodes/My MQTT Group/robotstudio_tags/robot_tags/total"
              },
              "type": "tag"
            }
          }
        },
        "type": "ia.display.led-display"
      },
      {
        "meta": {
          "name": "Sensor_0"
        },
        "position": {
          "height": 100,
          "width": 100,
          "y": 71
        },
        "props": {
          "label": {
            "text": "Presencia"
          }
        },
        "type": "ia.symbol.sensor"
      }
    ],
    "meta": {
      "name": "root"
    },
    "props": {
      "style": {
        "backgroundColor": "#CFC9C9"
      }
    },
    "type": "ia.container.coord"
  }
}