{
  "custom": {},
  "params": {},
  "props": {
    "defaultSize": {
      "width": 1200
    }
  },
  "root": {
    "children": [
      {
        "meta": {
          "name": "AlarmStatusTable"
        },
        "position": {
          "height": 640,
          "width": 1210
        },
        "type": "ia.display.alarmstatustable"
      }
    ],
    "meta": {
      "name": "root"
    },
    "props": {
      "style": {
        "backgroundColor": "#CFC9C9"
      }
    },
    "type": "ia.container.coord"
  }
}