{
  "custom": {},
  "params": {},
  "props": {},
  "root": {
    "children": [
      {
        "meta": {
          "name": "Label_0"
        },
        "position": {
          "height": 70,
          "width": 400,
          "x": 40,
          "y": 38
        },
        "props": {
          "text": "Iniciar operaciones",
          "textStyle": {
            "fontFamily": "monospace",
            "fontSize": 30
          }
        },
        "type": "ia.display.label"
      },
      {
        "events": {
          "dom": {
            "onClick": {
              "config": {
                "script": "\tsystem.tag.write(\"[default]MQTT Tags/NubeTags/Start_bandas_nube\",1)\n\tsystem.tag.write(\"[default]MQTT Tags/NubeTags/Start_press_nube\",1)\n\tsystem.tag.write(\"[default]MQTT Tags/NubeTags/Start_volteadora\",1)\n\tsystem.tag.write(\"[default]MQTT Tags/tags_robotstudio/ready_nube\",1)\n\tsystem.tag.write(\"[default]MQTT Tags/NubeTags/Start_horneado\",1)\n\tsystem.tag.write(\"[default]MQTT Tags/NubeTags/Start_empaque\",1)\n\tsystem.tag.write(\"[default]MQTT Tags/NubeTags/Start_engobe\",1)\n\tsystem.tag.write(\"[default]MQTT Tags/NubeTags/Start_decorado\",1)\n\t"
              },
              "scope": "G",
              "type": "script"
            }
          }
        },
        "meta": {
          "name": "Button"
        },
        "position": {
          "height": 34,
          "width": 80,
          "x": 160,
          "y": 99
        },
        "props": {
          "image": {
            "style": {
              "backgroundColor": "#00FF20"
            }
          },
          "style": {
            "backgroundColor": "#2EED2B",
            "borderBottomLeftRadius": 5,
            "borderBottomRightRadius": 5,
            "borderColor": "#756262",
            "borderStyle": "ridge",
            "borderTopLeftRadius": 5,
            "borderTopRightRadius": 5
          },
          "text": "Iniciar"
        },
        "type": "ia.input.button"
      },
      {
        "meta": {
          "name": "Label_1"
        },
        "position": {
          "height": 70,
          "width": 400,
          "x": 411,
          "y": 38
        },
        "props": {
          "text": "Detener operaciones",
          "textStyle": {
            "fontFamily": "monospace",
            "fontSize": 30
          }
        },
        "type": "ia.display.label"
      },
      {
        "events": {
          "dom": {
            "onClick": {
              "config": {
                "script": "\tsystem.tag.write(\"[default]MQTT Tags/NubeTags/Start_bandas_nube\",0)\n\tsystem.tag.write(\"[default]MQTT Tags/NubeTags/Start_press_nube\",0)\n\tsystem.tag.write(\"[default]MQTT Tags/NubeTags/Start_volteadora\",0)\n\tsystem.tag.write(\"[default]MQTT Tags/tags_robotstudio/ready_nube\",0)\n\tsystem.tag.write(\"[default]MQTT Tags/NubeTags/Start_horneado\",0)\n\tsystem.tag.write(\"[default]MQTT Tags/NubeTags/Start_empaque\",0)\n\tsystem.tag.write(\"[default]MQTT Tags/NubeTags/Start_engobe\",0)\n\tsystem.tag.write(\"[default]MQTT Tags/NubeTags/Start_decorado\",0)"
              },
              "scope": "G",
              "type": "script"
            }
          }
        },
        "meta": {
          "name": "Button_0"
        },
        "position": {
          "height": 34,
          "width": 80,
          "x": 516,
          "y": 99
        },
        "props": {
          "image": {
            "style": {
              "backgroundColor": "#00FF20"
            }
          },
          "style": {
            "backgroundColor": "#E41F0D",
            "borderColor": "#756262",
            "borderStyle": "ridge"
          },
          "text": "Detener"
        },
        "type": "ia.input.button"
      },
      {
        "meta": {
          "name": "ToggleSwitch"
        },
        "position": {
          "height": 36,
          "width": 212,
          "x": 73,
          "y": 343
        },
        "propConfig": {
          "props.selected": {
            "binding": {
              "config": {
                "bidirectional": true,
                "fallbackDelay": 2.5,
                "mode": "direct",
                "tagPath": "[default]MQTT Tags/NubeTags/Start_volteadora"
              },
              "type": "tag"
            }
          }
        },
        "props": {
          "label": {
            "text": "Volteadora"
          }
        },
        "type": "ia.input.toggle-switch"
      },
      {
        "meta": {
          "name": "ToggleSwitch_0"
        },
        "position": {
          "height": 36,
          "width": 158,
          "x": 73,
          "y": 231
        },
        "propConfig": {
          "props.selected": {
            "binding": {
              "config": {
                "bidirectional": true,
                "fallbackDelay": 2.5,
                "mode": "direct",
                "tagPath": "[default]MQTT Tags/NubeTags/Start_press_nube"
              },
              "type": "tag"
            }
          }
        },
        "props": {
          "label": {
            "text": "Prensa"
          }
        },
        "type": "ia.input.toggle-switch"
      },
      {
        "meta": {
          "name": "ToggleSwitch_1"
        },
        "position": {
          "height": 36,
          "width": 163,
          "x": 288,
          "y": 231
        },
        "propConfig": {
          "props.selected": {
            "binding": {
              "config": {
                "bidirectional": true,
                "fallbackDelay": 2.5,
                "mode": "direct",
                "tagPath": "[default]MQTT Tags/NubeTags/Start_bandas_nube"
              },
              "type": "tag"
            }
          }
        },
        "props": {
          "label": {
            "text": "Esmaltado"
          }
        },
        "type": "ia.input.toggle-switch"
      },
      {
        "meta": {
          "name": "ToggleSwitch_2"
        },
        "position": {
          "height": 36,
          "width": 143,
          "x": 453,
          "y": 231
        },
        "propConfig": {
          "props.selected": {
            "binding": {
              "config": {
                "bidirectional": true,
                "fallbackDelay": 2.5,
                "mode": "direct",
                "tagPath": "[default]MQTT Tags/NubeTags/Start_engobe"
              },
              "type": "tag"
            }
          }
        },
        "props": {
          "label": {
            "text": "Engobe"
          }
        },
        "type": "ia.input.toggle-switch"
      },
      {
        "meta": {
          "name": "ToggleSwitch_3"
        },
        "position": {
          "height": 36,
          "width": 152,
          "x": 73,
          "y": 290
        },
        "propConfig": {
          "props.selected": {
            "binding": {
              "config": {
                "bidirectional": true,
                "fallbackDelay": 2.5,
                "mode": "direct",
                "tagPath": "[default]MQTT Tags/NubeTags/Start_decorado"
              },
              "type": "tag"
            }
          }
        },
        "props": {
          "label": {
            "text": "Decorado"
          }
        },
        "type": "ia.input.toggle-switch"
      },
      {
        "meta": {
          "name": "ToggleSwitch_4"
        },
        "position": {
          "height": 36,
          "width": 160,
          "x": 291,
          "y": 290
        },
        "propConfig": {
          "props.selected": {
            "binding": {
              "config": {
                "bidirectional": true,
                "fallbackDelay": 2.5,
                "mode": "direct",
                "tagPath": "[default]MQTT Tags/NubeTags/Start_horneado"
              },
              "type": "tag"
            }
          }
        },
        "props": {
          "label": {
            "text": "Horneado"
          }
        },
        "type": "ia.input.toggle-switch"
      },
      {
        "meta": {
          "name": "ToggleSwitch_5"
        },
        "position": {
          "height": 36,
          "width": 167,
          "x": 451,
          "y": 290
        },
        "propConfig": {
          "props.selected": {
            "binding": {
              "config": {
                "bidirectional": true,
                "fallbackDelay": 2.5,
                "mode": "direct",
                "tagPath": "[default]MQTT Tags/NubeTags/Start_empaque"
              },
              "type": "tag"
            }
          }
        },
        "props": {
          "label": {
            "text": "Empaque"
          }
        },
        "type": "ia.input.toggle-switch"
      },
      {
        "meta": {
          "name": "ToggleSwitch_6"
        },
        "position": {
          "height": 36,
          "width": 207,
          "x": 282,
          "y": 343
        },
        "propConfig": {
          "props.selected": {
            "binding": {
              "config": {
                "bidirectional": true,
                "fallbackDelay": 2.5,
                "mode": "direct",
                "tagPath": "[default]MQTT Tags/tags_robotstudio/ready_nube"
              },
              "type": "tag"
            }
          }
        },
        "props": {
          "label": {
            "text": "Celda Robotizada"
          }
        },
        "type": "ia.input.toggle-switch"
      },
      {
        "meta": {
          "name": "Label_2"
        },
        "position": {
          "height": 32,
          "width": 204,
          "x": 309,
          "y": 190
        },
        "props": {
          "text": "Control Individual"
        },
        "type": "ia.display.label"
      },
      {
        "meta": {
          "name": "Sensor"
        },
        "position": {
          "height": 54,
          "width": 60,
          "x": 350.5,
          "y": 133
        },
        "type": "ia.symbol.sensor"
      },
      {
        "meta": {
          "name": "Label"
        },
        "position": {
          "height": 32,
          "width": 142,
          "x": 409,
          "y": 395
        },
        "props": {
          "text": "Cantidad baldosas"
        },
        "type": "ia.display.label"
      },
      {
        "meta": {
          "name": "LedDisplay"
        },
        "position": {
          "height": 32,
          "width": 128,
          "x": 564,
          "y": 395
        },
        "propConfig": {
          "props.value": {
            "binding": {
              "config": {
                "fallbackDelay": 2.5,
                "mode": "direct",
                "publishInitial": false,
                "tagPath": "[MQTT Engine]Edge Nodes/My MQTT Group/robotstudio_tags/robot_tags/total"
              },
              "type": "tag"
            }
          }
        },
        "type": "ia.display.led-display"
      }
    ],
    "meta": {
      "name": "root"
    },
    "props": {
      "style": {
        "backgroundColor": "#CFC9C9"
      }
    },
    "type": "ia.container.coord"
  }
}