{
  "custom": {},
  "params": {},
  "props": {},
  "root": {
    "children": [
      {
        "meta": {
          "name": "TimeSeriesChart"
        },
        "position": {
          "height": 368,
          "width": 357,
          "x": 116,
          "y": 53
        },
        "propConfig": {
          "props.series[0].data": {
            "binding": {
              "config": {
                "aggregate": "MinMax",
                "avoidScanClassValidation": true,
                "dateRange": {
                  "mostRecent": "5",
                  "mostRecentUnits": "MIN"
                },
                "enableValueCache": true,
                "ignoreBadQuality": false,
                "polling": {
                  "enabled": true,
                  "rate": "1"
                },
                "preventInterpolation": false,
                "returnFormat": "Wide",
                "returnSize": {
                  "delay": "1",
                  "delayUnits": "SEC",
                  "type": "INTERVAL"
                },
                "tags": [
                  {
                    "path": "[MQTT Engine]Edge Nodes/My MQTT Group/robotstudio_tags/robot_tags/total"
                  }
                ],
                "valueFormat": "DATASET"
              },
              "type": "tag-history"
            }
          }
        },
        "props": {
          "series": [
            {
              "name": "Boiler"
            }
          ],
          "title": {
            "style": {
              "borderColor": "#000000",
              "borderStyle": "solid"
            },
            "text": "Total Baldosas",
            "visible": true
          }
        },
        "type": "ia.chart.timeseries"
      }
    ],
    "meta": {
      "name": "root"
    },
    "props": {
      "style": {
        "backgroundColor": "#CFC9C9"
      }
    },
    "type": "ia.container.coord"
  }
}