{
  "custom": {},
  "params": {},
  "props": {
    "defaultSize": {
      "height": 50,
      "width": 1500
    }
  },
  "root": {
    "children": [
      {
        "meta": {
          "name": "tecno"
        },
        "position": {
          "height": 50,
          "width": 306,
          "x": 31.6
        },
        "props": {
          "source": "/system/images/tecno.png"
        },
        "type": "ia.display.image"
      },
      {
        "meta": {
          "name": "Logo-unal (3)"
        },
        "position": {
          "height": 100,
          "width": 160,
          "x": 1326.4,
          "y": -50
        },
        "props": {
          "source": "/system/images/Logo-unal (3).png"
        },
        "type": "ia.display.image"
      }
    ],
    "meta": {
      "name": "root"
    },
    "props": {
      "style": {
        "backgroundColor": "#00000000"
      }
    },
    "type": "ia.container.coord"
  }
}