{
  "custom": {},
  "params": {},
  "props": {
    "defaultSize": {
      "width": 1200
    }
  },
  "root": {
    "children": [
      {
        "meta": {
          "name": "LedDisplay"
        },
        "position": {
          "height": 50,
          "width": 100,
          "x": 800,
          "y": 280
        },
        "propConfig": {
          "props.value": {
            "binding": {
              "config": {
                "bidirectional": true,
                "fallbackDelay": 2.5,
                "mode": "direct",
                "tagPath": "[MQTT Engine]Edge Nodes/My MQTT Group/robotstudio_tags/robot_tags/lotes"
              },
              "type": "tag"
            }
          }
        },
        "props": {
          "numberFormat": "0"
        },
        "type": "ia.display.led-display"
      },
      {
        "meta": {
          "name": "LedDisplay_0"
        },
        "position": {
          "height": 50,
          "width": 100,
          "x": 470,
          "y": 330
        },
        "propConfig": {
          "props.value": {
            "binding": {
              "config": {
                "bidirectional": true,
                "fallbackDelay": 2.5,
                "mode": "direct",
                "tagPath": "[MQTT Engine]Edge Nodes/My MQTT Group/robotstudio_tags/robot_tags/total"
              },
              "type": "tag"
            }
          }
        },
        "props": {
          "numberFormat": "0"
        },
        "type": "ia.display.led-display"
      },
      {
        "meta": {
          "name": "Label"
        },
        "position": {
          "height": 50,
          "width": 150,
          "x": 300,
          "y": 330
        },
        "props": {
          "text": "Cajas paletizadas",
          "textStyle": {
            "fontFamily": "inherit",
            "fontSize": 18,
            "textAlign": "right"
          }
        },
        "type": "ia.display.label"
      },
      {
        "meta": {
          "name": "Label_0"
        },
        "position": {
          "height": 50,
          "width": 150,
          "x": 630,
          "y": 280
        },
        "props": {
          "text": "Lotes paletizados",
          "textStyle": {
            "fontFamily": "inherit",
            "fontSize": 18,
            "textAlign": "right"
          }
        },
        "type": "ia.display.label"
      },
      {
        "meta": {
          "name": "NumericEntryField"
        },
        "position": {
          "height": 50,
          "width": 100,
          "x": 470,
          "y": 280
        },
        "propConfig": {
          "props.value": {
            "binding": {
              "config": {
                "bidirectional": true,
                "fallbackDelay": 2.5,
                "mode": "direct",
                "tagPath": "[default]MQTT Tags/tags_robotstudio/n_cajas"
              },
              "type": "tag"
            }
          }
        },
        "type": "ia.input.numeric-entry-field"
      },
      {
        "meta": {
          "name": "Label_1"
        },
        "position": {
          "height": 50,
          "width": 150,
          "x": 300,
          "y": 280
        },
        "props": {
          "text": "Tamaño de lote",
          "textStyle": {
            "fontFamily": "inherit",
            "fontSize": 18,
            "textAlign": "right"
          }
        },
        "type": "ia.display.label"
      },
      {
        "meta": {
          "name": "Label_2"
        },
        "position": {
          "height": 50,
          "width": 130,
          "x": 630,
          "y": 150
        },
        "propConfig": {
          "props.style.backgroundColor": {
            "binding": {
              "config": {
                "fallbackDelay": 2.5,
                "mode": "direct",
                "tagPath": "[MQTT Engine]Edge Nodes/My MQTT Group/robotstudio_tags/robot_tags/emergencia"
              },
              "transforms": [
                {
                  "fallback": "#000000",
                  "inputType": "scalar",
                  "mappings": [
                    {
                      "input": 1,
                      "output": "#FFAC47"
                    },
                    {
                      "input": 0,
                      "output": "#00000000"
                    }
                  ],
                  "outputType": "color",
                  "type": "map"
                }
              ],
              "type": "tag"
            }
          },
          "props.style.fill": {
            "binding": {
              "config": {
                "fallbackDelay": 2.5,
                "mode": "direct",
                "tagPath": "[MQTT Engine]Edge Nodes/My MQTT Group/robotstudio_tags/robot_tags/emergencia"
              },
              "transforms": [
                {
                  "fallback": "#000000",
                  "inputType": "scalar",
                  "mappings": [
                    {
                      "input": 1,
                      "output": "#FF8A8A"
                    },
                    {
                      "input": 0,
                      "output": "#000000"
                    }
                  ],
                  "outputType": "color",
                  "type": "map"
                }
              ],
              "type": "tag"
            }
          }
        },
        "props": {
          "style": {
            "borderStyle": "none",
            "borderWidth": 1,
            "outlineColor": "#FF0000",
            "outlineStyle": "double"
          },
          "text": "Emergencia",
          "textStyle": {
            "color": "#FF0000",
            "fontFamily": "inherit",
            "fontSize": 20,
            "textAlign": "center"
          }
        },
        "type": "ia.display.label"
      },
      {
        "meta": {
          "name": "LedDisplay_1"
        },
        "position": {
          "height": 50,
          "width": 100,
          "x": 800,
          "y": 330
        },
        "propConfig": {
          "props.value": {
            "binding": {
              "config": {
                "fallbackDelay": 2.5,
                "mode": "direct",
                "tagPath": "[MQTT Engine]Edge Nodes/My MQTT Group/robotstudio_tags/robot_tags/total"
              },
              "transforms": [
                {
                  "code": "\treturn value*9",
                  "type": "script"
                }
              ],
              "type": "tag"
            }
          }
        },
        "props": {
          "numberFormat": "0"
        },
        "type": "ia.display.led-display"
      },
      {
        "meta": {
          "name": "Label_3"
        },
        "position": {
          "height": 50,
          "width": 150,
          "x": 630,
          "y": 330
        },
        "props": {
          "text": "Total baldosas",
          "textStyle": {
            "fontFamily": "inherit",
            "fontSize": 18,
            "textAlign": "right"
          }
        },
        "type": "ia.display.label"
      },
      {
        "meta": {
          "name": "Label_4"
        },
        "position": {
          "height": 50,
          "width": 300,
          "x": 450,
          "y": 40
        },
        "props": {
          "text": "CELDA ROBÓTICA",
          "textStyle": {
            "fontFamily": "inherit",
            "fontSize": 30,
            "textAlign": "center"
          }
        },
        "type": "ia.display.label"
      },
      {
        "meta": {
          "name": "Indicador"
        },
        "position": {
          "height": 150,
          "width": 150,
          "x": 435,
          "y": 100
        },
        "propConfig": {
          "props.style.fill": {
            "binding": {
              "config": {
                "fallbackDelay": 2.5,
                "mode": "direct",
                "tagPath": "[default]MQTT Tags/tags_robotstudio/ready_nube"
              },
              "transforms": [
                {
                  "fallback": "#000000",
                  "inputType": "scalar",
                  "mappings": [
                    {
                      "input": 0,
                      "output": "#FF8A8A"
                    },
                    {
                      "input": 1,
                      "output": "#8AFF8A"
                    }
                  ],
                  "outputType": "color",
                  "type": "map"
                }
              ],
              "type": "tag"
            }
          }
        },
        "props": {
          "label": {
            "text": "Presencia"
          }
        },
        "type": "ia.symbol.sensor"
      },
      {
        "events": {
          "dom": {
            "onClick": {
              "config": {
                "script": "\tsystem.tag.write(\"[default]MQTT Tags/tags_robotstudio/ready_nube\",0)"
              },
              "scope": "G",
              "type": "script"
            }
          }
        },
        "meta": {
          "name": "Detener",
          "tooltip": {
            "style": {
              "fontFamily": "inherit",
              "textAlign": "center"
            }
          }
        },
        "position": {
          "height": 40,
          "width": 100,
          "x": 810,
          "y": 150
        },
        "props": {
          "image": {
            "style": {
              "backgroundColor": "#00FF20"
            }
          },
          "style": {
            "backgroundColor": "#E41F0D",
            "borderColor": "#756262",
            "borderStyle": "ridge"
          },
          "text": "Detener",
          "textStyle": {
            "fontFamily": "inherit",
            "fontSize": 17
          }
        },
        "type": "ia.input.button"
      },
      {
        "events": {
          "dom": {
            "onClick": {
              "config": {
                "script": "\tsystem.tag.write(\"[default]MQTT Tags/tags_robotstudio/ready_nube\",1)"
              },
              "scope": "G",
              "type": "script"
            }
          }
        },
        "meta": {
          "name": "Iniciar",
          "tooltip": {
            "style": {
              "fontFamily": "inherit",
              "textAlign": "center"
            }
          }
        },
        "position": {
          "height": 40,
          "width": 100,
          "x": 290,
          "y": 150
        },
        "props": {
          "image": {
            "style": {
              "backgroundColor": "#00FF20"
            }
          },
          "style": {
            "backgroundColor": "#2EED2B",
            "borderBottomLeftRadius": 5,
            "borderBottomRightRadius": 5,
            "borderColor": "#756262",
            "borderStyle": "ridge",
            "borderTopLeftRadius": 5,
            "borderTopRightRadius": 5
          },
          "text": "Iniciar",
          "textStyle": {
            "fontFamily": "inherit",
            "fontSize": 17
          }
        },
        "type": "ia.input.button"
      }
    ],
    "meta": {
      "name": "root"
    },
    "props": {
      "style": {
        "backgroundColor": "#CFC9C9"
      }
    },
    "type": "ia.container.coord"
  }
}