{
  "custom": {},
  "params": {},
  "props": {},
  "root": {
    "children": [
      {
        "meta": {
          "name": "LedDisplay"
        },
        "position": {
          "height": 51,
          "width": 151,
          "x": 579,
          "y": 347.5
        },
        "propConfig": {
          "props.value": {
            "binding": {
              "config": {
                "bidirectional": true,
                "fallbackDelay": 2.5,
                "mode": "direct",
                "tagPath": "[MQTT Engine]Edge Nodes/My MQTT Group/robotstudio_tags/robot_tags/lotes"
              },
              "type": "tag"
            }
          }
        },
        "type": "ia.display.led-display"
      },
      {
        "meta": {
          "name": "LedDisplay_0"
        },
        "position": {
          "height": 50,
          "width": 150,
          "x": 580,
          "y": 272
        },
        "propConfig": {
          "props.value": {
            "binding": {
              "config": {
                "bidirectional": true,
                "fallbackDelay": 2.5,
                "mode": "direct",
                "tagPath": "[MQTT Engine]Edge Nodes/My MQTT Group/robotstudio_tags/robot_tags/total"
              },
              "type": "tag"
            }
          }
        },
        "type": "ia.display.led-display"
      },
      {
        "meta": {
          "name": "Sensor"
        },
        "position": {
          "height": 100,
          "width": 100,
          "y": 71
        },
        "propConfig": {
          "props.style.fill": {
            "binding": {
              "config": {
                "fallbackDelay": 2.5,
                "mode": "direct",
                "tagPath": "[MQTT Engine]Edge Nodes/My MQTT Group/robotstudio_tags/robot_tags/emergencia"
              },
              "transforms": [
                {
                  "fallback": "#000000",
                  "inputType": "scalar",
                  "mappings": [
                    {
                      "input": 0,
                      "output": "#00FF00"
                    },
                    {
                      "input": 1,
                      "output": "#FF0000"
                    }
                  ],
                  "outputType": "color",
                  "type": "map"
                }
              ],
              "type": "tag"
            }
          }
        },
        "props": {
          "style": {
            "stroke": "#000000"
          }
        },
        "type": "ia.symbol.sensor"
      },
      {
        "meta": {
          "name": "Label"
        },
        "position": {
          "height": 32,
          "width": 150,
          "x": 119,
          "y": 281
        },
        "props": {
          "text": "Cajas paletizadas",
          "textStyle": {
            "fontFamily": "Roboto"
          }
        },
        "type": "ia.display.label"
      },
      {
        "meta": {
          "name": "Label_0"
        },
        "position": {
          "height": 32,
          "width": 150,
          "x": 123.5,
          "y": 357
        },
        "props": {
          "text": "Lotes paletizados",
          "textStyle": {
            "fontFamily": "Roboto"
          }
        },
        "type": "ia.display.label"
      },
      {
        "meta": {
          "name": "NumericEntryField"
        },
        "position": {
          "height": 32,
          "width": 150,
          "x": 580,
          "y": 219
        },
        "propConfig": {
          "props.value": {
            "binding": {
              "config": {
                "bidirectional": true,
                "fallbackDelay": 2.5,
                "mode": "direct",
                "tagPath": "[default]MQTT Tags/tags_robotstudio/ncajas_nube"
              },
              "type": "tag"
            }
          }
        },
        "type": "ia.input.numeric-entry-field"
      },
      {
        "meta": {
          "name": "Label_1"
        },
        "position": {
          "height": 32,
          "width": 144,
          "x": 122,
          "y": 219
        },
        "props": {
          "text": "Tamaño de lote",
          "textStyle": {
            "fontFamily": "Roboto"
          }
        },
        "type": "ia.display.label"
      },
      {
        "meta": {
          "name": "Label_2"
        },
        "position": {
          "height": 32,
          "width": 108,
          "x": 23.5,
          "y": 489
        },
        "props": {
          "style": {
            "borderStyle": "none",
            "borderWidth": 1,
            "outlineColor": "#FF0000",
            "outlineStyle": "double"
          },
          "text": "   Emergencia",
          "textStyle": {
            "color": "#FF0000",
            "fontFamily": "Roboto"
          }
        },
        "type": "ia.display.label"
      },
      {
        "meta": {
          "name": "LedDisplay_1"
        },
        "position": {
          "height": 53,
          "width": 369,
          "x": 361,
          "y": 422
        },
        "propConfig": {
          "props.value": {
            "binding": {
              "config": {
                "fallbackDelay": 2.5,
                "mode": "direct",
                "tagPath": "[MQTT Engine]Edge Nodes/My MQTT Group/robotstudio_tags/robot_tags/total"
              },
              "transforms": [
                {
                  "expression": "{value}*22",
                  "type": "expression"
                }
              ],
              "type": "tag"
            }
          }
        },
        "type": "ia.display.led-display"
      },
      {
        "meta": {
          "name": "Label_3"
        },
        "position": {
          "height": 32,
          "width": 138,
          "x": 123.5,
          "y": 432.5
        },
        "props": {
          "text": "Total baldosas",
          "textStyle": {
            "fontFamily": "Roboto"
          }
        },
        "type": "ia.display.label"
      },
      {
        "meta": {
          "name": "Label_4"
        },
        "position": {
          "height": 32,
          "width": 261,
          "x": 300,
          "y": 25
        },
        "props": {
          "text": "CELDA ROBÓTICA",
          "textStyle": {
            "fontFamily": "Roboto",
            "fontSize": 30
          }
        },
        "type": "ia.display.label"
      }
    ],
    "meta": {
      "name": "root"
    },
    "props": {
      "style": {
        "backgroundColor": "#CFC9C9",
        "outlineStyle": "dashed"
      }
    },
    "type": "ia.container.coord"
  }
}