{
  "custom": {},
  "params": {},
  "props": {
    "defaultSize": {
      "width": 100
    }
  },
  "root": {
    "children": [
      {
        "events": {
          "dom": {
            "onClick": {
              "config": {
                "params": {},
                "view": "Main"
              },
              "scope": "C",
              "type": "nav"
            }
          }
        },
        "meta": {
          "name": "Button"
        },
        "position": {
          "height": 34,
          "width": 80,
          "x": 10,
          "y": 30
        },
        "props": {
          "style": {
            "backgroundColor": "#000000"
          },
          "text": "Main"
        },
        "type": "ia.input.button"
      },
      {
        "events": {
          "dom": {
            "onClick": {
              "config": {
                "params": {},
                "view": "Alarmas"
              },
              "scope": "C",
              "type": "nav"
            }
          }
        },
        "meta": {
          "name": "Button_0"
        },
        "position": {
          "height": 34,
          "width": 80,
          "x": 10,
          "y": 88
        },
        "props": {
          "style": {
            "backgroundColor": "#000000"
          },
          "text": "Alarmas"
        },
        "type": "ia.input.button"
      },
      {
        "events": {
          "dom": {
            "onClick": {
              "config": {
                "params": {},
                "view": "Historicos"
              },
              "scope": "C",
              "type": "nav"
            }
          }
        },
        "meta": {
          "name": "Button_1"
        },
        "position": {
          "height": 34,
          "rotate": {
            "anchor": "50% 88%"
          },
          "width": 80,
          "x": 10,
          "y": 144
        },
        "props": {
          "style": {
            "backgroundColor": "#000000"
          },
          "text": "Historicos"
        },
        "type": "ia.input.button"
      }
    ],
    "meta": {
      "name": "root"
    },
    "props": {
      "style": {
        "backgroundColor": "#000080"
      }
    },
    "type": "ia.container.coord"
  }
}