{
  "custom": {},
  "params": {},
  "props": {
    "defaultSize": {
      "height": 50,
      "width": 1300
    }
  },
  "root": {
    "children": [
      {
        "meta": {
          "name": "Label"
        },
        "position": {
          "height": 32,
          "width": 348,
          "x": 632,
          "y": 9
        },
        "props": {
          "text": "SCADA Fabrica de ceramica",
          "textStyle": {
            "color": "#FFFFFF"
          }
        },
        "type": "ia.display.label"
      },
      {
        "meta": {
          "name": "Label_0"
        },
        "position": {
          "height": 32,
          "width": 30,
          "x": 14,
          "y": 2
        },
        "props": {
          "text": "TX",
          "textStyle": {
            "color": "#FFFFFF"
          }
        },
        "type": "ia.display.label"
      }
    ],
    "meta": {
      "name": "root"
    },
    "props": {
      "style": {
        "backgroundColor": "#000080"
      }
    },
    "type": "ia.container.coord"
  }
}