{
  "custom": {},
  "params": {},
  "props": {},
  "root": {
    "children": [
      {
        "meta": {
          "name": "Progress"
        },
        "position": {
          "height": 20,
          "rotate": {},
          "width": 200,
          "x": 257.4,
          "y": 303
        },
        "propConfig": {
          "position.rotate.angle": {
            "binding": {
              "config": {
                "fallbackDelay": 2.5,
                "mode": "direct",
                "tagPath": "[MQTT Engine]Edge Nodes/My MQTT Group/Local_Gio_Tags/Tags_Press_Tipper/Tipper_Rotate"
              },
              "transforms": [
                {
                  "fallback": null,
                  "inputType": "scalar",
                  "mappings": [
                    {
                      "input": 0,
                      "output": 0
                    },
                    {
                      "input": 1,
                      "output": null
                    }
                  ],
                  "outputType": "scalar",
                  "type": "map"
                }
              ],
              "type": "tag"
            }
          }
        },
        "props": {
          "bar": {
            "color": "#000000"
          },
          "track": {
            "color": "#000000"
          },
          "value": 100
        },
        "type": "ia.display.progress"
      },
      {
        "meta": {
          "name": "Label_0"
        },
        "position": {
          "height": 32,
          "width": 50,
          "x": 317.8,
          "y": 197
        },
        "props": {
          "text": "Rotación"
        },
        "type": "ia.display.label"
      },
      {
        "meta": {
          "name": "Label_3"
        },
        "position": {
          "height": 32,
          "width": 261,
          "x": 300,
          "y": 25
        },
        "props": {
          "text": "Volteadora",
          "textStyle": {
            "fontSize": 30
          }
        },
        "type": "ia.display.label"
      },
      {
        "meta": {
          "name": "Label_4"
        },
        "position": {
          "height": 32,
          "width": 142,
          "x": 409,
          "y": 395
        },
        "props": {
          "text": "Cantidad baldosas"
        },
        "type": "ia.display.label"
      },
      {
        "meta": {
          "name": "LedDisplay_0"
        },
        "position": {
          "height": 32,
          "width": 128,
          "x": 564,
          "y": 395
        },
        "propConfig": {
          "props.value": {
            "binding": {
              "config": {
                "fallbackDelay": 2.5,
                "mode": "direct",
                "publishInitial": false,
                "tagPath": "[MQTT Engine]Edge Nodes/My MQTT Group/robotstudio_tags/robot_tags/total"
              },
              "type": "tag"
            }
          }
        },
        "type": "ia.display.led-display"
      },
      {
        "meta": {
          "name": "Sensor_0"
        },
        "position": {
          "height": 100,
          "width": 100,
          "y": 71
        },
        "props": {
          "label": {
            "text": "Presencia"
          }
        },
        "type": "ia.symbol.sensor"
      }
    ],
    "meta": {
      "name": "root"
    },
    "props": {
      "style": {
        "backgroundColor": "#CFC9C9"
      }
    },
    "type": "ia.container.coord"
  }
}