{
  "custom": {},
  "params": {},
  "props": {},
  "root": {
    "children": [
      {
        "meta": {
          "name": "Motor"
        },
        "position": {
          "height": 100,
          "width": 100,
          "x": 621,
          "y": 36
        },
        "propConfig": {
          "props.label.text": {
            "binding": {
              "config": {
                "fallbackDelay": 2.5,
                "mode": "direct",
                "tagPath": "[MQTT Engine]Edge Nodes/My MQTT Group/Local_Gio_Tags/Tags/Program:MainProgram_TEST"
              },
              "transforms": [
                {
                  "fallback": null,
                  "inputType": "scalar",
                  "mappings": [
                    {
                      "input": true,
                      "output": "START"
                    },
                    {
                      "input": false,
                      "output": "Stop"
                    }
                  ],
                  "outputType": "scalar",
                  "type": "map"
                }
              ],
              "type": "tag"
            }
          },
          "props.style.fill": {
            "binding": {
              "config": {
                "fallbackDelay": 2.5,
                "mode": "direct",
                "tagPath": "[MQTT Engine]Edge Nodes/My MQTT Group/Local_Gio_Tags/Tags/Program:MainProgram_TEST"
              },
              "transforms": [
                {
                  "fallback": "#000000",
                  "inputType": "expression",
                  "mappings": [
                    {
                      "input": "true",
                      "output": "#00FF00"
                    },
                    {
                      "input": "False",
                      "output": "#FF0000"
                    }
                  ],
                  "outputType": "color",
                  "type": "map"
                }
              ],
              "type": "tag"
            }
          }
        },
        "props": {
          "label": {}
        },
        "type": "ia.symbol.motor"
      },
      {
        "meta": {
          "name": "AlarmStatusTable"
        },
        "position": {
          "height": 376,
          "width": 775,
          "x": 12,
          "y": 111
        },
        "type": "ia.display.alarmstatustable"
      }
    ],
    "meta": {
      "name": "root"
    },
    "type": "ia.container.coord"
  }
}